페이지,별점,리뷰
1,5,"네이처 사무용의자를 첨에 받았을 때 내가 과연 잘 조립할 수 있을까 걱정했는데 이게 왠걸? 너무 쉬워 정말 거짓말 안하고 5분만에 했습니다 ^0^ 설명서에도 설명이 잘 되어 있어서 잠깐만 보고도 금방 조립이 되더라구요~ 따로 공구도 필요없이 그냥 끼우기만 하면 끝!! 아내도 벌써 다 조립했냐면서 바로 앉아보고는 디자인뿐만 아니라 넘 편하다고 칭찬받았어요~^_^ 택배박스에도 센스있게 ""아기처럼 소중히 다뤄주세요"" 라고 되어 있어서 안전하게 잘 도착했구요! 색상은 그린으로 했는데 화사하게 내부 인테리어랑 잘 맞아요! 전 갠적으로 이색 추천합니당! 주변이 밝아지는 느낌이에요~ 의자도 앉았을 때 천연라텍스로 푹신해서 오래 앉아도 편한느낌이 들고 허리랑 헤드레스트가 있어서 기대고 있으면 잠들 정도에요...ㅋㅋ 마감도 잘 되어 있고 흔들림도 없어요! 저희 회사 총무팀에서 이번에 노후 의자 교체하는데 넘 만족해서 여기 의자 추천했어요!! 다른 곳에 비해 넘 저렴해서 의문을 가질 수도 있는데 5만원대에 모든 편의기능을 갖춘 의자 찾으신다면 네이처 리얼라텍스 적극 추천합니당!"
1,5,"사무실 의자가 자꾸 소리도 나고 불편해져서 
 녹색창에서 컴퓨터 의자를 검색하다가 알게 되었다.... 상품평도 많고, 전반적으로 만족한다는 글이 많아 바로 구매하려다가 
 아무래도 가격을 생각하여 조금 더 저렴한 상품으로 
 눈을 돌렸는데... 디자인은 비슷하지만 볼트 구멍이 안 맞는다는 글과 
 딱 그 가격이라는 문구들이 자꾸 눈에 들어오자 역시, 메이드 인 코리아가 좋다는 생각!! 
거기에 요추 보호 기능성까지!! 그리하여 다시 ""마이홈 의자""를 다시 검색~ 베이직 보다가 스탠더드 
 스탠더드 보다가 역시 9cm의 리얼 라텍스로 
2개를 주문~후 다음날 도착 첫 번째 의자 설명서 한번 스캔 후 바로 조립~ 
솔직히 설명서도 필요 없는 것 같다. 두 번째 의자 허리 지지대 조립을 하는데 
 볼트가 계속 헛돈다 ㅡㅡ;; 
이거 뭐지 하고 첫 번째 의자 다시 탈거하여 
 손으로 만져보니 안에 잡아주는 너트가 빠진 듯... ㅜㅜ 바로 문의를 위하여 11거리 로그인하여 문의 글 
 남기려다가 다시 보니 휴대폰 번호가 있어 혹시 하고 
 전화하니 바로 받으신다. 상황 설명하니 바로 맞교환해주신다며 정말 
 다음날 등받이 도착~ 지금 새 의자 조립하여 앉아서 글 쓰는 중^^ 
배송도 빠르고, 의자 질감 만족! 내구성은 써봐야 알 것 같고 
 다음 업그레이드 버전에는 허벅지가 닿는 의자 바닥면이 
 살짝 올라가면 좋겠다는 생각이 든다. 지금도 불편하진 않지만 그러면 더 편할 것 같은 생각 
#마이홈의자#사무실의자#"
1,5,총알배송이네여. 화요일 주문햐그 목요일에 받았네요 택배기사님 친절하셔서 감사했어요 아 생각보다 택배박스 부피가 엄청커요. 음 조립은 십분? 제가 똥손이라ㅎㅎ 맨손으로 조립가능해서 좋앗어요 그리고 하루종일 사무실에 앉아만있는데 이의자는 자동적으로 허리를 필수밖에 없네요ㅋㅋ자세교정될듯 발다닥이 땅에 온전히 닿아서 넘나 편해여. 이제 허리좀 곧곧이 피고 바른자세로 있어야 겟어요
1,5,원래 비싸더라도 좋은브랜드 사려고햇엇는데 요의자 저렴하고 평도 좋고 많이들 사셔서 혹시나 해서 사？f어요 배송은 좀 느렷어요 일주일걸렷나.. 큰박스에 왓고 조립은 정말 쉽고 금방해요.앉아보니 왜평이 좋앗나 알거같아요. 너무맘에들어요 등받이가 잇어서 따로 허리쿠션안해도 되고 160센티키여자는 아빠다리하고 앉을수도 잇네요 ㅎㅎ 오래앉아 잇어도 허리도 너무편하네요.
1,3,일단 배송이 빨라서 좋았습니다. 물건도 괜찮은거 같구요. 아쉬운점은 물건을 보니 부숴진게 하나 보이고.. 바닥부분에 긁힘이 좀 보이네요.. 사진상으론 잘 안나오지만.. 사용감으로 느껴질 정도의 스크래치가 좀 있었습니다.. 누가 환불한 물건인지.... 급해서 그냥 씁니다.. 부숴진 부품하나 보내주실 수 있음 보내주세요..
1,5,조립도 쉽고 의자도 편합니다. 가격대비 대만족합니다. 공구 없이 맨손으로도 조립할 수 있어서 더 좋습니다. 오발이 플라스틱이라 내구성이 어떨지는 써봐야 알겠으나 저가제품의 경우 스틸오발도 휘어지는 경험을 했기에 내구성있게 만들어졌으면 플라스틱이 오히려 나을수 있겠다는 생각도 해봅니다. 암튼 만족합니다.
1,3,가격대비는 좋은듯하나 제품의 마감이 조금 별로네요 까진부분도 있고 등쪽 부품은 모서리부분이 만들어지다 기포방울이 생긴건지 구멍이 여러개있더라구요 포장이 조금 충격 완하게 되게끔 해주시면 좋겠네요 집어던져저서 그런가 상자가 많이 찌그러져있더라구요 그래도 조립도 쉽고 의자 쿠션도 8cm로 했는데 만족이네요
1,4,내게 딱 필요한 기능만 포함해서 구매할 수 있어서 좋았고 조립 간편했고 내구성은 나름 튼튼한것 같고 일단 편안하고 포장에 충전재만 포함된다면 더 할 나위없겠네요
1,3,가격만 보고 사는 의자여! 가격치고는 트튼하고 간단하게 슬 수 있어. 가성비가 좋은거지. 자취생들 의자없을때 쓰는 그런거야. 오래쓸만큼 튼튼하고 재질도 나쁘지 않아. 하지만 의자는 비싸고 좋은게 쓰는게 맞다. 돈 있으면 시디즈써라.
1,1,재질.마감.내구성은 보통 입니다. 문제는 기능이.. 의자 높이가 찔끔 조절됩니다.. 그래서 벼개깔고 앉아요 머리받침대는 구지 없어도 될듯 싶네요
2,5,배송도 빠르고 가격대비 너무좋아요 등받이 쿠션은 성인한테는좋은데 12살 딸아이는 아직은 불편한가보더라구요 그것빼고는 다 만족합니다
2,4,"배송은 주문한 다음 날 도착 상품의 상태는 특별한 이상없이 양호 설치는 꼽기만 하면 됨 설명서가 괜히 더 헷갈림 앉아보니 매우 편한 건 아니지만, 저령한 가격에 쓸만하지만 좌우로 너무 쉽게 돌아가네요"
2,3,배송은 빠른데 비닐이 뜯겨있구 설명서도 찢겨있어서 그래서 누가 반품한건가 싶기도 한데 그냥 사용할게요 푹신하기는 합니다
2,5,생각했던거보다 괜찮아요~ 조립도 쉽고 내구성도 괜찮은듯~ 별도의 공구없어도 쉽게 설치되네요~ 배송도 빠르고 만족합니다~ 잘쓸께요
2,5,가격대비 대만족합니다. 의자편하고 조립도 도구 필요없이 맨손으로 가능해서 좋습니다. 볼트조여야 하는 부분은 공장에서 미리 조립되어서 출고되니 편하네요. 빠른배송도 만족합니다.
2,3,등받이가 너무 약합니다 특히 등판이 좌우로 잘 못버텨요 6시방향은 버티는데 5시 7시 방향으로 젖히면 버티는 힘이 별로없어요 ㅠㅠ
2,4,여름에 사용하기 시원하고 디자인 깔끔하고 싼 가격이라 불편하지 않을까 걱정햇는데 전에 쓰던 의자에 비해 불편함도 없고
2,5,조립 완전 쉽구요 2분걸린듯? 생각했던거보다 의자 훨씬 조아요 쿠션도 푹신하고 등받이도 편해요 대만족입니다~~ 꼭사세요!
2,3,가격다운 품질이군요 검품도 엉망이고요 허리가 배기고 각부분연결이 나사 한개로 다 되어있어서 자주 조여줘야함
2,5,의자 조립이 간단하고 쉬워서 좋았어요. 편하고 좋네요. 가격대비 괜찮은 상품인 것 같습니다~
3,5,그린색으로 샀다가 의자 넘넘 좋아서 핑크로 하나 더 샀어요 이번엔 조립 몇초만에 뚝딱했네요ㅋㅋㅋ 강추해요~~ 꼭사세요!
3,1,오프라인 의자 대비 반값이라 샀건만.. 의자 균형도 안맞고 불편하네요. 하루종일 앉아있어야하는데... 돈버렸네요ㅡㅡ 등받이도 뒤로 많이 재껴져있고..
3,4,배송이 하루도 안되서 완료^^ 플라스틱이 부러질까 걱정스럽기는 한데 편하다고하네요... 오래쓰면 좋겠어요~
3,5,가성비 어느 것 과도 비교 할 수 없을 정도로 대단하네요. 조립도 엄청 쉽고 튼튼하네요 추천합니다.
3,5,가성비 굿. 조립도 뭐 간단하네요. 마감이 좀 거칠긴하지만 쓰는데 지장은 없습니다. 잘 써볼게요~
3,5,이가격에 이정도면 만족합니다 조립도 쉽고 관건은 얼마만에 덜렁거리느냐인데
3,4,상품 만족합니다 깔끔하고 좋네요 가격은 싼데 싸보이지 않고 의자도 편해요
3,5,시중가의 절반가격으로 구매했습니다. 착석감도 아주 뛰어나고 디자인도 잘 빠졌네요..
3,5,조립도 어렵지 않고 내구성도 좋은 듯 합니다. 추후 필요시에 추가 구매 고려 중입니다.
3,4,가격에 맞는 수준이예요! 싸고 좋은 것 찾은 것이었는데 딱 그 정도입니다. 잘 써야죠!
4,5,만족합니다. 설치도 아주 쉽고 좋네요.. 의자 없이 지내다 쓰니 굉장히 좋은 느낌이 많네요.
4,5,배송도 빠르고 조립도 손 쉽게 할 수 있어서 좋아요 만족합니더
4,5,배송빠르고 저렴한거에 비해 튼튼하고 조립도 쉬워서 좋네요
4,5,싸고 좋아요. 근데 오래 앉아 있기에는 조금 불편한 감이 있네요. 싸고 좋은 제품 감사합니다.
4,4,지인께 선물했는데 조립도쉽고 튼튼하고 편하다고 하네요
4,4,배송완전 빠르고요 조립하긴 쉬웠는데 맞게 하건지@ 상품은 좋네요^^
4,5,좋은 상품 잘받아 사용합니다 많이 팔고 번창하세요
4,4,아이공부방에 놔주려고 샀는데 가격대비 좋습니다! 아이가 편하다고 하네요~~^^ 번창하세요~~^^
4,3,가격대 가성비는 좋은듯요 ㅎ 막쓰실라면 추천합니다
4,5,생각보다 앉아보니 꽤 편안합니다. 왜 1위한지 알것같네요.
5,4,뒤로 젓히면 좀 삐걱거리지만 가성비는 좋아요
5,5,잘받았습니다 배송 빠르네요 설치도 간단하구요
5,5,조립두 간편하고 아이들 막쓰기엔 좋은것같아여
5,4,조립은 정말 금방했고제품도 그럭저럭 괜찮네요
5,5,조금 불안하지만 조립 간편하고 사용 문제 없어요~
5,3,고장나기 쉬울듯하네요 내구성이 많이 약함
5,5,배송도 완전빠르고 제품도 가격대비 좋아요
5,5,조립하기도쉽고 일단은 튼튼해보이네요 많이파세요
5,3,조립은 쉽고요 그냥 딱 무난한 의자네요
5,3,블루밍]18년형 IPX-500 방수 비데 마사지 좌욕 세정
6,5,중학생 아이의자 좋아요 편하고 색상 디자인 다 좋네요~~~~
6,5,좋은 제품 저렴하게 잘 삿네요! 배송도 빨라요!
6,5,빠른배송 깔끔한디자인 ?조립도 혼자했어요? 쉽네요?
6,4,제품 조립도 쉽고 문안하니 좋네요
6,5,만족스러운 의자입니다! 편안하고 안정감 있고요~~!!
6,4,꼼꼼한성격인데 이정도의 품질이면 아주대만족!!!
6,5,배송도 만족하고 상품도 좋네요
6,4,조립은참편한데 매쉬도튼튼한듯싶은데 내가궁디가큰건지 의자가조금작은듯비좁게느껴짐
6,4,가격대에 보다 튼튼하고 너무편해요!
6,4,조립도 쉽고 가벼워서 좋네요
7,5,가성비최오네요 저렴하게 잘구매했어요
7,4,여자인데도 금방 조립했어요:-) 매우만족합니다
7,4,배송도 빠르고 조립도 매우 쉬웠어요~~~
7,4,판매1위 무료반품 컴퓨터/책상/학생/사무용의자
7,4,편하고 좋네요 빨리받았어요
7,5,편안하고좋아요.기사분도 친절했어더좋네요.
7,4,조립이 생각보다 쉽습니다.
7,5,안정적이고좋아요 가성비？오
7,5,조립쉽고 깔끔해요 좋아요
7,5,좋아요 허리를 바로세우게 도와주네요 상품도빨리왔어여.
8,4,가격대비 괜찮네요
8,5,"허리가 아파 한의원에 돈을 갔다바치다가 20년전에 샀던 의자에 문제가 있음을 직시하고 바로 11번가 쿠폰을 소환하여 대한밍쿡에서 제일 저렴하게 샀습니다. 너무 저렴하게 매우 저렴하게 보이면 어쩌지 했는데 댓츠 노노. 꽤 튼튼합니다. 45도 등을 뒤로 기대도 넘어지지 않구요. 아빠다리 하고 다리를 올리고 앉아있어도 널찍한 구조입니다. 게다가 바뀌에 기름같은걸 끼얹었는지 막 슬라이딩 날려도 잘 굴러가네요. 예전 의자는 바퀴가 장식이여서 들척들척 해야했거든요. 색감도 안튀는 회색이라 오래써도 때도 안타고 질리지 않을 것 같습니다. 제일 중요한 등부분 요추 쿠션이 적당히 편해요. 집에 사실 더 좋은 요추 의자가 있는데 허리를 나무 곧게 세워줘서 어쩔 땐 답답한데 이건 허리를 자유롭게 해주 다가도 기대면 폭신한 편안함을 선사합니다. 한의원에 돈 나갈 바에 이번 기회에 구식 의자는 한쪽으로 몰아넣고 (전 재활용에 갖다뒀더니 1시간 뒤에 사라짐) 진짜 갠춘한 책상의자 꼭 구매하세요. 의자가 안좋으면 진짜 허리가 어르신들처럼 쑤시고, 아프면 또 신경질이 나고, 그리고 주변 사람들에게도 짜증 부리게 되고 집안 분위기도 험해집니다. 좋은 의자를 샀더니 집안이 화목해졌어요!! 참, 이거 공공기관에도 납품하나요? 친구네 회사 갔더니 비슷한 디자인이 있어서 괜히 방가방가."
8,5,방에 있던 제 의자가 기울어져있서 학기 내내 불편했었는데요. 의자를 주문하고 엄청 기다렸습니다. 원래 의자에 요추받침이 없고 헤드부분이 있었는데 전 헤드부분은 필요없고 요추부분이 필요해서 주문할 때 요추받침만 주문했습니다. 컴퓨터전공의 학생이다 보니까 책상앞에 앉아있을 시간이 많아 의자가 중요한데요. 그래서 이번에 의자랑 발받침 한번에 구매했습니다. 의자를 조립하고 앉아보니 정말 편하네요. 의자는 처음 사보는데 조립도 쉽고 편해서 아주 마음에 들었습니다. 개봉전 박스에 조립설명서가 있는데 조립하기 진짜 간단합니다. 개봉 제품 조립 전 중심봉 결합 - 중심봉을 다리에 올려놓으면 됩니다. 따로 볼트 조일 것도 없어요. 좌판 결합 - 좌판도 그냥 올려놓으면 끝 등받이 결합 - 등반이는 끼우기 전에 뒤쪽 볼트를 빼고 좌판에결합시킵니다. 결합하면서 볼트가 들어갈 구멍을 보면서 알맞은 높이에서 볼트를 꽂습니다. 이걸로 조립은 끝났습니다. 좋은 의자 감사합니다. 마지막 착샷
8,2,박스 다 뜯어져서 배송오고 좋네요 뜯기 편하게
8,4,물건 잘 받고 조립 하니 모양새는 가격대비 훌륭한듯 하였으나 처음 앉아보니 이상하게 불편해서 새의자라 적응이 안되서 그러나 했는데 한 3일 사용해보니 쓰면 쓸쑤록 불편하더군요 모양은 별이상 없는데 왜이런가 하고 다른 의자 옆에놓고 비교해보니... 답이 나오더군요...대요추 받침대 때문이였습니다 대요추받침이 높낮이 조절도 안되어 허리 요추부분에 있는게 아니라 엉덩이 골반 부분에 자리만 차지하는 상태더군요 의자의 앉는 부분의 3분의 1가량을 요추패드가 자리를 차지하니 저는 그냥 의자에 반쯤 걸쳐앉은 상태라 불편할수밖에 없는거였네요 교환하기도 번거롭고 해서 그냥 제가 의자 분해해서 대요추받침 제거 하고 다시 조립하여 앉아보니 그제야 편해지더군요 이가격에 이정도 퀄리티면 가격대비 좋다고 봅니다 허나 만원씩 하는 대요추받침 옵션은 확실히 문제가 있네요 높이 조절기능없는 이 옵션은 그냥 모양내기 옵션이라 생각됩니다 구입하실때 대요추받침은 빼고 구입하시는게 좋을듯합니다
8,5,"의자에 오래 앉아있으니까 엉덩이가 너무 아프더라구요. 메모리폼 방석 두꺼운 거 깔았는데도 기존 의자 하부가 아예 나무여가지고 딱딱함이 ㅜㅜ...걍 이참에 제대로 된 책상 의자 하나 사야겠다 싶어서 구입했어요. 이것저것 검색해봤는데 비싼 의자는 가격이 너무 부담스럽고 저렴한 의자는 허접할 거 같고 나름 열심히 찾아보고 고민하면서 골랐습니다. 처음에는 쿠션 제일 빵빵한 옵션 사려고 했는데 상품평이 좀 극단적으로 나뉘더라구요. 등판 갈라진 부분 마감 처리에 대한 말도 많고..그래서 전 깔끔하게 요 디자인으로 정했어요. 실제로 받고 나서 진짜 탁월한 선택이었다며 뿌듯해했습니다 ㅋㅋ 일단 생각보다 엄청 큰 상자가 택배로 와서 놀랐는데 안에 보니까 의자가 90%는 이미 조립되어 있더라구요. 진짜 조립 걱정 전혀 안하셔도 됩니다. 걍 하부 조립, 헤드 조립, 등판 조립만 하면 끝이예요. 단, 등판 조립할 때는 홈에 제대로 끼우고 조이셔야 흔들리지 않아요. 요추 받침 기대했던 거 만큼 편하구, 와 ㅋㅋ 진짜 주문 전에는 헤드랑 팔걸이는 옵션에서 빼고 가격 낮춰주면 좋겠다 생각했는데 막상 앉아보니까 진짜 편해요. 공부하다가 쉴 때 기대어 있으니까 의자가 몸 딱 받쳐줍니다. 복불복인지는 모르겠지만 흔들림 전혀 없고 튼튼해요. 한 가지 아쉬운 건, 쿠션이 그리 푹신하지 않아요. 쿠션 14cm짜리 옵션 상품평에도 막 푹신하진 않다니까 원래 그런 거 같아요. 그렇다고 막 딱딱하고 불편한 건 아니구, 걍 스프링 짱짱한 침대에 앉는 느낌이예요. 리클라이너나 PC방 의자처럼 푸욱~신~ 이런 느낌은 책상 의자에 기대해선 안된다는 거 알아요 ㅋㅋ 그래도 쪼오끔만 더 푹신하면 좋을 거 같습니나. 디자인 부분 보면, 색상 화사하고(걍 웬만하면 주황색 하세요 ㅋㅋ 제일 이쁨) 매쉬 재질 좋아요. 여름에 땀 차거나 할 일 없고 쾌적한 거 같아요. 혹시라도 도움되실 분 계실까해서 일부러 상품평 길게 적어봤습니다. 암튼 전 만족스럽게 잘 쓰겠습니다. 감사해요."
8,1,11번가 외 기타 쇼핑몰 1등. 반품 무료신청 등 소비자가 홀릴만한 기타 여러 문구들을 토대로 소비자를 기만하는 회사 인거 같아요. 어제 물건 받고 11/1일 오늘 조립다하고 보니. 상판 좌 우측이 이렇게 구멍을 뚫다가 말은 부분이 있네요. 정말 어이가 없습니다.. 지금 현재 파는 의자중에 제일 비싼 의자를 샀지만 (7.5만원 상당) 해당 가격만큼의 값어치를 절대하지 않는 제품인것 같네요. 해당 제품은 적법한 절차에 교환 혹은 환불을 받아야 한다고 생각들지 않습니까? 구매하실분들은 한번 더 생각해보세요
8,1,조립을 하고나서 봐보니 상태가 이모양? 아래 나사는 빼먹은건지 없고 떠있고 팔걸이 부분 한쪽은 홈에 맞지않아서 떠 있는상태..이걸 지금 의자라고 팔고 있습니까? 출고할때 확인안하나요.? 기본적인 하자 한번 쓱봐도 알터인데 어이가 없습니다.
8,5,"2년동안 쓸 의자 찾느라 거진 1주일정도 소비했습니다. 어지간하면 리뷰안쓰는 타입인데 이번엔 꼭 써야겠네요. 좀 깁니다. 중저가의자를 찾는 중이라면 더 비교하지말고 이 브랜드 의자사면 됩니다. 다만 저처럼 9cm 쿠션에 대요추 추가하실 분들은 대요추는 반드시 빼고 사시기 바랍니다. 인터넷쇼핑 세대로서 인터넷 쇼핑만 했는데 이정도 서비스는 단 한번도 받아본적이 없습니다. 혹시나 저가로 시디즈 급 의자를 찾는 사람이라면 그냥 돈 더주고 그 급 의자사세요. 간혹 시디즈급이라는 댓글들이 있지만 그 사람들은 시디즈 앉아보지도 못한게 분명함. 하지만 중저가 브랜드에서라면 이 의자를 반드시 사세요. 단점도 분명히 있지만 그 단점들을 모두 뛰어넘는 서비스가 있음. 1주일동안 여러 업체들 찾아봤습니다. 그 중에서 이 브랜드를 택한건 국내제작이라는 이유 단 하나 였습니다. 배송 오고나서 이상을 느껴서 Q&A에 문의 남기면서 교환을 시작했습니다. 1주일 넘게 교환을 3번 했는데 단 한번의 짜증도 느낀적 없을 정도로 아주 빠르고 친절한 대응과 교환을 받았습니다.( 모두 무료배송입니다.) 그런데 교환이 무려 맞교환 입니다. 배송지가 경상남도 진주인데 3번 모두 교환신청 바로 다음날 교환 받았습니다. 배송이 빠른 것도 그렇고 의자업체에서 맞교환이라는 서비스를 해준다는 건 정말 대단한거 같네요. 교환 사유는 대요추 때문인데 사진에 보다 싶이 대요추가 쿠션이랑 딱 붙어있어서 허리가 아니라 엉덩이만 지탱해줌.. 원인은 3cm 쿠션용 대요추랑 9cm 쿠션용 대요추를 같이 써서 그런 것으로 판단됨. 때문에 3cm 쿠션에서는 대요추가 정상적으로 허리위치에 있으나, 9cm쿠션에는 엉덩이에 위치함.. 위 사항은 반드시 업체에서 수정해주길 바랍니다.. 저것 때문에 등 기대지도 못하고 의자 앉는 부분도 줄어서 오히려 더 불편합니다. 결국 대요추 빼고 교환 받았습니다. 차액도 환불받았구요. 하지만 위 사항들을 뛰어넘는 서비스는 정말 칭찬해야 한다고 생각해서 리뷰를 남깁니다. 혹시나 저처럼 단신부임으로 인해 2~3년 간단히 쓸 중저가 의자를 구하시는 분들께 꼭 추천드립니다."
8,1,3월 18일 구매후 약 두달간 사용중입니다. 일주일 전 바퀴가 빠지더군요 다시 끼우니 이상 없어보여서 사용하다 보니 수시로 빠져서 보니 이렇게 쪼개져있네요... 몸무게 76kg 남자 입니다. 허리 부분도 뒤로 젓히면 삐그던 소리 나기 시작했네요 조금 더 투자좀 할걸 후회되네요 역시 싼건 국산이건 중국산이건 상관없이 품질에 문제가 있네요
9,5,"일단 의자 정말 괜찮습니다. 평소에는 시디즈 의자를 썼는데 자취를 하며 싸고 좋은 의자를 찾다가 마이홈 의자를 알게되었습니다. 사실 이전에 타사의 다른의자를 먼저 구매했었는데 정말 실망하고 마지막 기회라 생각하고 마이홈의자를 주문했습니다. 정말 강추합니다. 일단 의자상태 정말 괜찮습니다. 1. 조립: 정말쉽습니다. 이미 등판과 팔걸이등이 모두 조립된 상태에서 끼우기만하면 됩니다. 이전 의자는 나사로 조이고 뭐하고 진짜힘들었는데 이 의자는 조립에 십분도 안걸렸습니다. 2. 방석: 푹신합니다. 앉은 느낌은 시디즈의자와 별반 다름 없습니다. 3. 등판: 매쉬소재는 좋으나 뒤 등 기둥?이 등에 닿는 느낌 듭니다. 하지만 불편하다는 느낌은 전혀 없고 오히려 허리를 받쳐주는 느낌이라서 개인적으로 괜찮습니다. 4. 바퀴: 소음 없이 잘굴러가고 진짜 좋습니다. 이전 타사제품샀을때는 움직일때 소리나고, 제대로 굴러가지도 않고 삐거거려서 반품했는데 이 의자 바퀴는 참 좋네요. 5. 등받이 틸팅: 적당히 넘어가는게 딱좋습니다. 팔걸이와 등판이 분리되어있어 등판만 틸팅되는게 개인적으로 좋습니다. 틸팅 조임을 따로 건들지 않고 기본 설정으로 쓰고있는데 딱 좋습니다. 6. 디자인: 와인색깔 정말예쁩니다. 항상 그린색만 사용했는데 다크한 와인색깔이 고급져보이고 매우마음에 듭니다. 7. 팔걸이: 사용에 큰 불편함은 없습니다. 다만 제가 의자에서 가부좌를 틀거나 다리를 팔걸이에 기대는 편인데..그럴수록 팔걸이가 벌어지는 느낌입니다. 다시 산다면 삼각형모양?의 팔걸이를 선택하고싶습니다. 그러나 팔만 얹는 용도라면 불편함이 없을것같습니다. 8. 개인적으로 좋은점: 고급스러운 디자인과 색깔, 바퀴, 등판과 목받침 조절가능, 적당한틸팅과 플라스틱 하단(이전에 스틸제질의 하단부위를 구매했는데 발이 닿였을때 차갑고, 소리나고 개인적으로 스틸은 별로였음), 부드러운 의자 높이조절 9. 개인적으로 불편한점: 앉아서 등을 기대고 좌우로 왔다갔다했을때 등판이 좌우로 움직임. 티자형 팔걸이가 죄우로 힘을주었을때 벌어짐.(팔걸이가 좌우로 미는 힘에는 취약해보임) 10. 총평: 가격대비 정말 진심 최고인듯합니다. 의자구매에 한번 실패하고 걱정이많았는데 앉은느낌 정말좋습니다. 저는 정말 추천합니다. 만약 구매를 고려하고계신다면 드리 컴퓨터용으로는 요추방석?은 필요없을듯하나 공부책상이라면 요추방석 있으면좋을것같아요. 저같은 경우는 요추방석이 없는걸 선택했는데, 공부용이라서.. 만약 요추방석만 따로판다면 구매하고싶네요. 그외에 팔걸이는 팔만 얹을용도라면 일반형을, 저처럼 다리로 팔걸이를 지탱하는 경우라면 삼각형? 더 튼튼해보이는 것으로 구매하길 권합니다! 어쨌든 사세요! 두번 사세요! 세번 사세요! 이런리뷰 잘안쓰는데 개인적으로 정말 좋아서 쓰게됐네요. 그럼 저는 새마음 새뜻으로 새로운의자에서 열공하겠습니다! 좋은의자 저렴한가격에 판매해주셔서 감사합니다!!!"
9,3,"...주문하고 다음날인가? 도착해서 당황... 아마 연말연휴가까이 주문해서 지나고 도착할걸로 생각했었는데... 연휴 전에도착해서 더 놀란듯. 여튼 무진장 빠른 택배. 그리고 의자 자체는 그닥 추천하기 민망민망. 조립은 레고같았지만. 일단 쿠션. 엉덩이가 괴로워합니다. 이거 분명 두꺼운 쿠션일텐데 .....차라리 얇은거 주문하고 좋은 쿠션을 까는걸 추천. 엉덩이에 살이 없는편도 아닌데(시모네타가 아니라) 아픕니다. 집중하면 몇시간이고 앉아있는데.. 일어나면 허리가 아니라 엉덩이가 아픔. 쓸모없는 쿠션같으니.. 무슨 풋스툴에 앉아있던 기분. 무슨 잘 안꺼지는 소재라더니 잘 안꺼지는게 아니라 안꺼져. 좀 꺼져라 아오. 등받이+요추 많이들 요추받침없음 안닿는다vs.필요한 사람만 골라라 로 갈리길래 질렀는데.. 결론부터, 이거 안맞음 빼면 되겠지는 불가능합니다. 교환/환불만이 빼줌. 그리고 앉아본 사람으로써...자신있게 말할수 있는건, 하지마요 요추. 이거때문에 의자가 좁아짐. 요추서포트가 너무 ""낮아서"" 요추가 아니라 엉덩이를 의자에서 몰아냅니다. 아니 진짜로. 가능하면 환불받고 싶을정도로 성질남. 저거 없으면 좀더 편할것 같은데 또 없으면 의자 부러질까 겁나는것도 좀 있고... 여튼 요추받침 추천 노노 네버에버, 네버. 등받이는.... 솔직히 요추받침때문에 잘 모르겠음 (...) 많이 뒤로 넘어가진 않아서 음.. 밀어내면 살짝? 각도로보면 대충 100~110도쯤? 좀더 넘어가면 좋을텐데 싶... 목받침 높이조절이 생명. 노쿠션주의. 말그대로 받침. 그래도 없는것보단 나음. ..뒤로 젖히는데 목이 뒤로 떨어짐 아프니까. 쿠션의 느낌을 표현하자면 안입은듯 입은 냉장고바지같은 느낌. 팔받침 ...업그레이드의 의미를 모르겠다 다리 올리고 앉았을때 덜 거슬리는걸로 추가비용이면 좀 슬픈데.... 일단... 아픕니다. 짧습니다. 쿠션이 없어서 아프고 얇아서 더 아프고? 뭘로 커버를 씌우던가 뭘 붙이던가 해보려고 하다가 그값이면 좀 많이 더 보태서 그냥 의자 하나를 사는게 모양상 효율상 좋아보여서 포기. 여튼 추가는 비추. 결론은, 그냥 매쉬에 일반쿠션+목받침으로 사서 좋은 방석을 깔고쓰는걸 추천이요. 그리고 좀 오래 앉는 사람은 다른의자를 추천이요. 요추만 없어져도 좀 편할거같긴 한데 솔직히.. 인간적으로 너무낮다 요추!!"
9,5,"작업실에서 쓸 책상을 찾다찾다 발견한 마이홈체어예요!! (네이처 리얼 라텍스) 일자목이라서 목받침이 꼭 필요했는데 잘못 주문하는 바람에 이렇게 기본 사양으로 조립을 하였습니다~ 높은 판매율과 더불어 국내기업(사고나서 발견ㅋㅋ) 제품이라 그런지 made in korea 를 보는데 엄청 반갑더라구요. 조립은 굉장히 쉬운편이라 누구나 손쉽게 조립 후 사용이 가능했고 생각보다 의자가 잘 밀리지 않아서 만족스러웠습니다. 가격대비 마감도 괜찮았고 ""철물을 넣어주세요"" 라는 문구의 스티커에서 고객을 위하는 배려심을 느낄 수 있어서 흐뭇했어요. 의자는 곧 건강으로 이어지기 때문에 아무거나 사면 안되는데~~ 마이홈 체어를 사용해보니고객을 많이 생각한 기업(제품)인듯하여 추천하기 좋은 의자라 생각 됩니다. 언제나 1등 기업으로 우뚝 서시길 응원합니다. MADE IN KOREA , Myhome chair화이팅~"
9,3,2달써본 리뷰입니다. 일단 배송은 진짜 빨리왔어요. 하지만 등받이가 고정이안되요 그냥 기대면 뒤로 그만큼 재껴지더라구요; 그리고 리얼라텍스로 샀는데.. 음.. 글쎄요 저는 그렇게 푹신한지는 잘모르겠어요. 그리고 개인적인 차이겠지만.. 저는 허리가 무지 아파요 오래앉아있으면 허리가 아프더라구요;;; 요추 있는건 어떨지 모르겠지만.. 의자는 저렴하게 잘사서 좋은데.. 허리가 아프다 보니.. 지금은 그냥 돈더주고 다른거 살껄 그랬나봐요; 그냥 딱 가격만큼 하는거 같아요
9,1,"★★★나사가 계속풀어짐. 의자위에서 몸 많이움직이시면 비추★★★ 팔걸이부분 : 플라스틱 조립식장난감 뜯을때 남는 꼬다리처럼 튀어나온부분이 있어서 커터칼로 일일이 다듬어줘야함 등받이 강도조절 : 위아래로 움직이는 레버로 조절하는게 아니라 스피커볼륨조절같이 동그란걸 직접 돌려서 나사를 푸는 느낌으로 조절하는건데 이게 나사를 풀면 뿌서지는소리가나서 무서워서 못돌림. 사실 돌려도 별 차이를 못느끼겠음. 허리 꼿꼿이 세우고앉기엔 딱. 좀 많이 기대려면 안좋음 발받침대 : 장착하고 한시간동안은 만족. 한시간만에 나사풀어져서 바닥에 나뒹굼. 절대비추. 등받이 추가해서 의자면적이 생각보다 많이 좁은느낌. 오래앉아있기에는 불편함 사용한달째 의자 전체적으로 나사 다풀어짐. 하루쓰고 하루 조이고 해줘야함. 발받침대 나사가 엄청 짧아서그런지 생각없이 발올리고있으면 나사 나뒹굼. 현재 테이핑.밴딩 해가면서 나사없이 고정해서사용중 아예 제거하고싶은데 의자판 들어내야되서 그때 또 고장날까봐 제거는못함 전체적으로 나사가 문제가 많아서 드라이버 옆에두고 계속 관리해줘야됨(허리받이, 발받침대)"
9,5,일단 주니온 프리미엄에 요추는 사용안해봐서 불편하면어쩌지싶어 고민하다 소요추로 추가했어요. 엉덩이 안배기게 프리미엄으로했더니 앉았을때 빵빵하구요. 너무푹신하지도않고 적당히 탄력있고 굉장히 만족합니다. 다만 그전에 타브랜드에서(듀오*등) 인조가죽 의자들 사용했을때 오래사용하면 가죽이벗겨지기때문에 천을 덧씌울까 생각중입니다. 패브릭이 등받이말고 의자앉는곳도 선택가능하면 좋을텐데요. 소요추는 앉아서 등 기대어보니 불편하지않아요. 오래사용은 아직책상이없어 못해봤지만 괜찮을것같습니다. 잘선택한 것 같아요~
9,4,"솔직한 후기. 일단 배송은 무지 빠릅니다. ㅋㅋ 받자마자 조립했는데 쉽네요. 여자도 금방 합니다. 체형에 맞게 세팅하고 두어시간 정도 앉아본 결과 괜찮네요. 가성비 훌륭합니다. ㅎㅎ 메쉬소재라 시원하고 디자인, 색깔도 예뻐요. 하지만 의자가 그렇게 튼튼한 것 같지는 않아요. 더 써 봐야 알겠지만 한 3~4년 정도만 고장없이 쓰고 싶은데 딱 그 정도만 가능하지 않을까 싶네요. 그리고 의자의 기능적인 면이나 편안함 또한 그렇게 좋지는 않아요. 가성비가 좋은 것이지 뒤로 쭉쭉 잘 젖혀지고 오래 앉아도 안락함을 유지하고 싶다면 더 비싼 의자를 선택하는 게 좋을 듯 합니다."
9,5,"저렴한 가격을 고려해서 후기를 적는다면 아주 훌륭한 상품입니다. 보통 책상의자 일반적인 가격이 15~20만 원이라고 했을 때 마이홈의자는 기본 36,000만 원부터 시작하는아주 저렴한 가격을 보입니다. 의자를 이루고 있는 소재는 아주 저렴하지만그소재들끼리의견고함이 굉장히좋은 편입니다.개인적으로는 우레탄 바퀴가 참 조용하고 부드럽더라고요. 그리고 몸을 부드럽게 감싸주는 메쉬소재의 등받이도 굉장히 만족합니다. 단점으로는 전체적으로 플라스틱 재질의 의자라는 점입니다.내구성이 굉장히 약합니다.의자라는 상품은 책상에 앉아서 정적으로 사용하는 제품이기 때문에 외부 충격을 받을 일이 많지는 않지만, 외부 충격을 받았을 경우 크랙이 생기기 아주 쉬운 재질입니다. 그리고 지금은 아주 견고하고 튼튼하지만, 1년 2년 이렇게 사용하면 반드시 흔들림이발생할 거라 생각됩니다 (이 부분은 마이홈의자 네이처 메쉬의자 2002만의 문제는 아니고, 모든 높낮이 조절하는 의자들이 오래 사용하면 의자 부품 간의 유격이 발생해서 흔들림이 발생합니다.) 결론적으로는 아주 가성비 좋은 의자임은 확실합니다.내구성이 떨어지는단점이 있는데도 불구하고 충분히 좋은 의자입니다. 비싼 의자가 당연히 좋죠. 이 의자와 15~20만 원대의 의자를 일대일 비교할 순 없습니다. 하지만 저가 상품 중에서는 가장 견고하고 튼튼한 의자라고 봐지네요. 저렴한 의자를 찾고 계신다면마이홈의자를 추천합니다. 제 블로그에 자세하게 리뷰되어 있습니다. http://foraran.blog.me"
9,1,"가격도 괜찮고, 배송도 빠른 편입니다. 
 
 
그런데서비스가 너무 엉망이라서, 별점 하나 남기고 갑니다. 
 
 
1. 고객센터 불친절 
 : 말투, 상담 중 말 끊기, 상담 후 전화 끊어버리기 등 
 
2. 불친절한 고객센터의 사후처리 엉망 
 : 불친절한 상담 후 일처리라도 제대로 해주시지.. 
 불량품 받았다고 하고 보내준 부품은 다른 부품이었습니다. 
 
3. 질문에 대한 답변 내용에 대한 알림 없음 
 : 11번가 웹/앱 알림 모두 on 상태인데, 
 상담내역(문의) 답변에 대한 알림이 문자/메일/푸시 아무것도 없었습니다. 
 물론 관련된 연락도 없었습니다. 알아서 찾아보라는 건가요? 
 
 답변 작성하신 후 고객 회신알림에 대한 체크가 
 분명 있는 것으로 알고 있는데요. 
 
4. 2차로 보내준 부품 
 : 처음 왔던 불량 제품과 크게 다르지 않았습니다. 
 더 말하기도 싫고, 실갱이 하는것도 귀찮아서.. 
 조립해서 사용 중이긴 합니다만..참 .. 
 
 
앞으로 의자 구매할 일이 있어도, 
여기서 구매할 일은 더 이상 없을거 같습니다. 
 
11번가 인기상품 정렬도 다 믿을 건 아닌거 같네요."
9,3,배송은 다음날 바로 왔구요 의자조립은 되게 쉬워요 나사조이고 뭐할것도 없이 제자리에 끼우기만 하면되요 퀄리티도 가격만큼인거 같아요 끼우는 식이라 쉽게 빠지거나 할꺼 같은데 들어보면 또 그렇진 않네요 중역의자 쓰다가 망가져서 구매한건데 중역의자보다 훨씬 가벼워서 좋아요 요추보호대 추가했는데 괜히 한거같아요 전 오히려 요추보호대 때문에 똑바로 앉아지지 않아서 좀 많이 불편하네요 게다가 의자 뒤로 젖힐수있게 돌려야하는건 잘못끼워진채 꽉조여 있어서 풀리지도 않고 의자가 살짝 앞쏠림이 있어서 전체적으로 불편하고요 사용 며칠 해보니 등전체가 다 아프네요 전체적으로 저는 별로네요 그리고 분명 의자14cm로 알고 구매했는데 잘쳐줘도 10cm될까.. 잘못보내신건지 사이즈가 안맞지만 한개를 이미 사용해버렸고 조립안한 하나만 바꿀수도 없어서 그냥 쓰지만 궁금하긴 하네요
