,?이지,별점,리뷰,,
0,1,5,"?이??무?의?? 첨에 받았?????? 과연 ??조립?????을?걱정?는???게 ?걸? ?무 ?워 ?말 거짓??하?5분만???습?다 ^0^ ?명?에???명?????어 ?어???깐?보고??금방 조립???더?구?? ?로 공구???요?이 그냥 ?우기만 ?면 ??! ?내??벌써 ??조립?냐면서 바로 ?아보고???자?뿐??니?????하?고 ?받았?요~^_^ ?배박스?도 ?스?게 ""?기처럼 ?중???뤄주세?? ?고 ?어 ?어???전?게 ???착?구?? ?상? 그린?로 ?는???사?게 ?? ?테리어????맞아?? ??갠적?로 ?색 추천?니?? 주???밝아지???낌?에?? ?자???았????천연?텍?로 ?신?서 ?래 ?아???한?낌???고 ?리???드?스?? ?어??기???으??들 ?도?요...?ㅋ 마감?????어 ?고 ?들림도 ?어?? ????사 총무??서 ?번???후 ?자 교체?는????만족?서 ?기 ?자 추천?어??! ?른 곳에 비해 ????해???문??가??도 ?는??5만원???모든 ?의기능??갖춘 ?자 찾으?다??이?리얼?텍???극 추천?니??""",,
1,1,4,중?가 ?품중에??최상???자?고 ?각?니?? 먼? 가??중요???어??가?비! 괜찮? ?자??려?10만원???쩍 ?어버립?다. ?반 가격에 그만???능???는 ?자가 마이?의?라??각?니?? 물론 비싸??름?는 ?자가 ??좋겠지?그에 준?는 ?품?라 ?각?네?? ?번째로???안?? 기존???용?던 ?자가 ?래?서 ?리??많이?고 ?리가 ?팠?데 ???자??굉장???하?요. ?리??거의 ?고 ?추받이가 ?리???지?해줍니?? 마?막으?조립?? ?명????번보??딱?니 5분도 ?되???나?군?? ?터?에??주문?는 ?른 ?자?중 추??션?로 ?드???추받이??택?을 경우 조립??복잡???데 ???품? ?부?조립?????태??착?서 ?무 ?웠?니?? ?성분이???이?도 ?게 조립?????을???다. 물론 ?쉬???도 ????지?었?니?? 중?가 ?자???해???마감??조금 ?쉬?습?다. ?게 거슬리는 부분? ?었지만요. 그리?좌판???텍?인???각보단 ?신?? ?네?? 개인?으??딱???자?좋아?서 ???습?다. 마?막으?배송?태가 좀 많이 ?쉽?군?? 무게가 ??????품?데 ??박스???이????번만 붙여?있?라구요. ?배가 ?착?을??박스가 ?전???려?어???손?거??분실?건 ?닌지 걱정?었?니?? 조금????경?주?면 좋을 ?같네?? ?상 그적거려봤습?다.,,
2,1,5,?이?리얼 ?텍???자 ?전 ?박ㅠ?ㅠ ?무 ?해??!! 첨엔 그냥 ?차???자 ??비슷?겠지 ?는 ?각?로 ??한??라??는????생?라 ?험기간마다 ?래?아??공??야?니??맘먹고(?) ??요! 근데 ?각보다 ?무 ?하??텍???전 ?신?신?ㅜ ?기??진짜 ?취방에???기 ?이?요???룸?라 ?음??민감?데 바닥 굴러?????리 진심 1???나?부?럽고ㅠ???거 ??가격에 ?게 진짜 말이 ?되?? 그리???추??그림?으로는 ????????길???을??불편?고 ?리 ?플까봐 걱정?는???전 ?연?럽????고 ?히???을??진짜 ?해???같이 ?리 불편?거 민감???람????추 추??시?거 추천?요! ?상??그린?깔 ???쁘???체가 ?사?????낌? ?진 보시??거?요?ㅎ???손?데????도?? ?어?서 ?진까? ?리면서 ?기 ?리?거 진짜 처음?네?ㄷ???로 ?룸 ?주?면???자 ?야?는??????비싸??질 ?좋?면 ?쩌??걱정많이 ?는?ㅠ?ㅠ 좋???서 ?행?에?ㅎ?ㅎ ?자 ???고 ?심??공??서 ?취업 ?공?게??! 감사?니?ㅎ,,
3,1,5,"?무???자가 ?꾸 ?리???고 불편?져??
 ?색창에??컴퓨???자?검?하?? ?게 ?었??... ?품?도 많고, ?반?으?만족?다??글??많아 바로 구매?려?? 
 ?무?도 가격을 ?각?여 조금 ????한 ?품?로 
 ?을 ?렸?데... ?자?? 비슷???볼트 구멍????맞는?는 글?
 ???가격이?는 문구?이 ?꾸 ?에 ?어?자 ??, 메이????코리?? 좋다???각!! 
거기???추 보호 기능?까지!! 그리?여 ?시 ""마이???자""??시 검?? 베이?보다가 ?탠?드 
 ?탠?드 보다가 ?? 9cm??리얼 ?텍?로 
2개? 주문~???음???착 ?번째 ?자 ?명???번 ?캔 ??바로 조립~ 
?직???명?도 ?요 ?는 ?같다. ??번째 ?자 ?리 지지? 조립???는??
 볼트가 계속 ?돈???ㅡ;; 
?거 뭐? ?고 ?번째 ?자 ?시 ?거?여 
 ?으?만져보니 ?에 ?아주는 ?트가 빠진 ??.. ?ㅜ 바로 문의??하??11거리 로그?하??문의 글 
 ?기?다가 ?시 보니 ????번호가 ?어 ?시 ?고 
 ?화?니 바로 받으?다. ?황 ?명?니 바로 맞교?해주신?며 ?말 
 ?음???받???착~ 지????자 조립?여 ?아??글 ?는 ?^ 
배송??빠르? ?자 질감 만족! ?구?? ?봐?????같고 
 ?음 ?그?이??버전?는 ?벅지가 ?는 ?자 바닥면이 
 ?짝 ?라가?좋겠?는 ?각???다. 지금도 불편?진 ???그러????할 ?같? ?각 
#마이?의???무?의??",,
4,1,5,"처음??좀 무겁???꼈지?바닥 긁힘 ?? ?구?? ?자 쿠션 ?신?고 ?받??매쉬?서 ?름?도 ?원?게 ?을 ???어?? ?리??머리 보호? 쪽? ?실 ?파처럼 ?주 ?락?거???안???낌? ?니지??자 ?에???시?끼 ?을??니??? 지???구, 분명??가??상???안?을 ?공?는 ??실?네?? ?로 ?어가지??게 ?계?다??는 것도 충분??가?했???데???ㅋ???자?도 깔끔?고 ???도 가?비 ?자 ?실???게 구할 ???을 ?같아?? 만족?니???ㅋ 많이 ?세??",,
5,1,5,?래 비싸?라??좋?브랜???려고햇?는???의????하??도 좋고 많이???셔???시???서 ?？f?요 배송? 좀 ?렷?요 ?주?걸?나.. ?박?에 ?고 조립? ?말 ?고 금방?요.?아보니 ?평??좋앗???거같아?? ?무맘에?어???받?? ?어???로 ?리쿠션?해???고 160?티?여?는 ?빠?리?고 ?을?도 ?네???ㅎ ?래?아 ?어???리???무?하?요.,,
6,1,5,총알배송?네?? ?요??주문?그 목요?에 받았?요 ?배기사??친절?셔??감사?어?????각보다 ?배박스 부?? ?청커요. ??조립? ??? ?? ?손?라?ㅎ 맨손?로 조립가?해??좋앗?요 그리??루종일 ?무?에 ?아만있?데 ?의?는 ?동?으??리??수밖에 ?네?ㅋ?자?교?될??발다?이 ?에 ?전???아???나 ?해?? ?제 ?리좀 곧곧???고 바른?세??어??겟어??,,
7,1,3,?단 배송??빨라??좋았?니?? 물건??괜찮??같구?? ?쉬?점? 물건??보니 부?진??나 보이?. 바닥부분에 긁힘??좀 보이?요.. ?진?으????나???. ?용감으??껴??도???크?치가 좀 ?었?니??. ?? ?불??물건??.... 급해??그냥 ?니??. 부?진 부?하??보내주실 ???음 보내주세??.,,
8,1,5,조립???고 ?자???합?다. 가격???만족?니?? 공구 ?이 맨손?로??조립?????어????좋습?다. ?발???라?틱?라 ?구?이 ?떨지???봐???겠?나 ?가?품??경우 ?틸?발???어지??경험???기???구?있?만들?졌?면 ?라?틱???히???을???겠?는 ?각???봅?다. ?튼 만족?니??,,
9,1,3,가격?비는 좋??????품??마감??조금 별로?요 까진부분도 ?고 ?쪽 부?? 모서리?분이 만들????기포방울???긴건? 구멍???러개있?라구요 ?장??조금 충격 ?하??게???주?면 좋겠?요 집어?져???그런가 ?자가 많이 찌그?져?더?구??그래??조립???고 ?자 쿠션??8cm??는??만족?네??,,
10,2,4,?게 ???요??기능??함?서 구매?????어??좋았?조립 간편?고 ?구?? ?름 ?튼?것 같고 ?단 ?안?고 ?장??충전?만 ?함?다??????위?겠?요,,
11,2,3,가격만 보고 ?는 ?자?? 가격치고는 ?튼?고 간단?게 ?????어. 가?비가 좋?거?. ?취?들 ?자?을???는 그런거야. ?래?만???튼?고 ?질???쁘지 ?아. ????자??비싸?좋???는?맞다. ???으??디즈써??,,
12,2,1,?배 기사??물건 그냥 ?져?고 가?박스???????서 ?습?다. ?품????보니???게 구멍?게 ?고 조립?는??고정?키??것도 ?고 그냥 ?워?기??는?같네??,,
13,2,1,?질.마감.?구?? 보통 ?니?? 문제??기능??. ?자 ?이가 찔끔 조절?니??. 그래??벼개깔고 ?아??머리받침???구? ?어???듯 ?네??,,
14,2,5,배송??빠르?가격???무좋아???받??쿠션? ?인?테?좋???12???아?는 ?직? 불편??보더?구??그것빼고????만족?니??,,
15,2,4,배송? 주문???음 ???착 ?품???태???별???상?이 ?호 ?치??꼽기??면 ???명?? 괜히 ???갈??아보니 매우 ?한 ??니지? ??한 가격에 ?만???좌우??무 ?게 ?아가?요,,
16,2,5,가격???만족?니?? ?자?하?조립???구 ?요?이 맨손?로 가?해??좋습?다. 볼트조여???는 부분? 공장?서 미리 조립?어??출고?니 ?하?요. 빠른배송??만족?니??,,
17,2,5,조립간단?고 ?법?튼?니?만 ?디즈의 ?튼??메쉬?비?면 ?? ?짝부?한?? 그래??가?비??각?면 조금 조심?다루면 ?래 ???같습?다,,
18,2,3,"반조립상?로 보내주셔???명?없??1분안?조립했?요 ?받???힘,?걷?는 견고?? ??것같?요. ?게 부?질것같?.. ?자쿠션???한???요",,
19,2,3,?받?? ?무 ?합?다 ?히 ?판??좌우???못버?요 6?방?? 버티?데 5??7??방향?로 ?히?버티???이 별로?어???ㅠ,,
20,3,3,배송? 받??보통?고 박스가 ?지기도 ?는???품? 망?진곳? ?네???품??금액??무난?니?? 괜찮??같아??,,
21,3,4,?름???용?기 ?원?고 ?자??깔끔?고 ??가격이??불편?? ?을?걱정?는???에 ?던 ?자??비해 불편?도 ?고,,
22,3,5,조립 ?전 ?구??2분걸린듯? ?각?던거보???자 ?씬 조아??쿠션???신?고 ?받?도 ?해???만족?니??~ ??요!,,
23,3,3,가격다???질?군??검?도 ?망?고???리가 배기?각?분연결이 ?사 ?개????어?어???주 조여줘야??,,
24,3,5,그린?으???? ?자 ?넘 좋아???크??나 ????요 ?번??조립 몇초만에 ?딱?네?ㅋ?ㅋ 강추?요~~ ??요!,,
25,3,1,?프?인 ?자 ??반값?라 ?건만.. ?자 균형???맞?불편?네?? ?루종일 ?아?어?하?데... ?버?네?ㅡ???받?도 ?로 많이 ?껴?있?.,,
26,3,4,조립??간편?고 배송??빨라??좋았?니?? ?각보다 커서 방이 꽉차 보이지??이가 ?하?좋다??네??,,
27,3,5,조립? ?운???라?틱 ?품?라??받침? ?구?이 ?쩔지 모르겠네??,,
28,3,4,"굉장???배가 빨리?고, 조립?기???워?? ??분이 ?간 ?들리는?거슬리??좋아??만족?니??",,
29,3,4,배송???루???되???료^^ ?라?틱??부?질?걱정?럽기는 ?데 ?하?고?네??.. ?래?면 좋겠?요~,,
30,4,5,가?비 ?느 ?과도 비교 ?????을 ?도???하?요. 조립???청 ?고 ?튼?네??추천?니??,,
31,4,5,가?비 ? 조립???간단?네?? 마감??좀 거칠긴하지??는??지?? ?습?다. ???볼게요~,,
32,4,5,??격에 ?정?면 만족?니??조립???고 관건? ?마만에 ?렁거리?냐?데,,
33,4,5,?중가???반가격으?구매?습?다. 착석감도 ?주 ?어?고 ?자?도 ??빠졌?요..,,
34,4,3,가격???능비는 괜찮??인 ???나 ?? ?게 비??인??쩔 ???군?ㅡ??,,
35,4,3,그럭????만?데 굳이 ?추 ?받?는 추????요?을?같네???히????불편?듯...,,
36,4,5,조립???렵지 ?고 ?구?도 좋? ???니?? 추후 ?요?에 추? 구매 고려 중입?다.,,
37,4,4,가격에 맞는 ???예?? ?고 좋? ?찾? 것이?는??????도?니?? ???야?,,
38,4,5,만족?니?? ?치???주 ?고 좋네??. ?자 ?이 지?다 ?니 굉장??좋? ?낌??많네??,,
39,4,5,배송??빠르?조립?????게 ?????어??좋아??만족?니??,,
40,5,5,배송빠르???한거에 비해 ?튼?고 조립???워??좋네??,,
41,5,4,지?께 ?물?는??조립?쉽??튼?고 ?하?고 ?네??,,
42,5,4,배송?전 빠르고요 조립?긴 ?웠?데 맞게 ?건지@ ?품? 좋네??^,,
43,5,5,좋? ?품 ?받???용?니??많이 ?고 번창?세??,,
44,5,4,?이공?방에 ?주?고 ??데 가격??좋습?다! ?이가 ?하?고 ?네??~^^ 번창?세??~^^,,
45,5,3,가격? 가?비??좋??? ??막쓰?라?추천?니??,,
46,5,5,?각보다 ?아보니 ??안?니?? ??1?한지 ?것같네??,,
47,5,5,?받?습?다 배송 빠르?요 ?치??간단?구??,,
48,5,5,조립??간편?고 ?이??막쓰기엔 좋?것같?여,,
49,5,5,조금 불안???조립 간편?고 ?용 문제 ?어??,,
50,6,3,고장?기 ?울???요 ?구?이 많이 ?함,,
51,6,5,배송???전빠르??품??가격??좋아??,,
52,6,5,조립?기?쉽??단? ?튼?보?네??많이?세??,,
53,6,3,조립? ?고??그냥 ??무난???자?요,,
54,6,3,블루?18?형 IPX-500 방수 비데 마사지 좌욕 ?정,,
55,6,5,중학???이?자 좋아???하??상 ?자????좋네??~~~,,
56,6,5,좋? ?품 ??하????네?? 배송??빨라??,,
57,6,5,빠른배송 깔끔?디?인 ?조립???자?어?? ?네??,,
58,6,4,?품 조립???고 문안?니 좋네??,,
59,6,5,만족?러???자?니?? ?안?고 ?정??고??~!!,,
60,7,4,꼼꼼?성격인???정?의 ?질?면 ?주?만족!!!,,
61,7,5,배송??만족?고 ?품??좋네??,,
62,7,4,조립?참편?데 매쉬?튼?한???????궁디가?건지 ?자가조금????좁게?껴?,,
63,7,4,가격???보다 ?튼?고 ?무?해??,,
64,7,4,조립???고 가벼워??좋네??,,
65,7,4,배송??빠르?조립??매우 ?웠?요~~~,,
66,7,5,?나 마른 배송?고 좋???,,
67,7,4,?하?좋네??빨리받았?요,,
68,7,4,조립???각보다 ?습?다.,,
69,7,5,조립?고 좋????고,,
70,8,5,?정?이고좋?요 가?비？오,,
71,8,5,조립?고 깔끔?요 좋아??,,
72,8,4,가?비 지?,,
73,8,5,"?리가 ?파 ?의?에 ?을 갔다바치?? 20?전??????자??문제가 ?음??직시?고 바로 11번? 쿠폰???환?여 ??밍쿡에???일 ??하???니?? ?무 ??하?매우 ??하?보이??쩌지 ?는???츠 ?노. ??튼?니?? 45???을 ?로 기????어지지 ?구?? ?빠?리 ?고 ?리??리??아?어???찍??구조?니?? 게다가 바뀌에 기름같???얹?는지 ??라?딩 ?려????굴러가?요. ?전 ?자??바퀴? ?식?여???척?척 ?야?거?요. ?감???????색?라 ?래?도 ?도 ???질리지 ?을 ?같습?다. ?일 중요??????추 쿠션???당???해?? 집에 ?실 ??좋? ?추 ?자가 ?는???리??무 곧게 ?워줘서 ?쩔 ???답?데 ?건 ?리??유? ?주 ????기???????안?을 ?사?니?? ?의?에 ???갈 바에 ?번 기회??구식 ?자???쪽?로 몰아?고 (???활?에 갖다??니 1?간 ?에 ?라? 진짜 갠춘??책상?자 ?구매?세?? ?자가 ?좋?면 진짜 ?리가 ?르?들처럼 ?시? ?프????경질이 ?고, 그리?주? ?람?에게도 짜증 부리게 ?고 집안 분위기도 ?해집니?? 좋? ?자???니 집안???목?졌?요!! ? ?거 공공기??도 ?품?나?? 친구???사 갔더??비슷???자?이 ?어??괜히 방?방?.",,
74,8,5,방에 ?던 ???자가 기울?져?서 ?기 ?내 불편?었?데?? ?자?주문?고 ?청 기다?습?다. ?래 ?자???추받침???고 ?드부분이 ?었?데 ???드부분? ?요?고 ?추부분이 ?요?서 주문?????추받침?주문?습?다. 컴퓨?전공의 ?생?다 보니?책상?에 ?아?을 ?간??많아 ?자가 중요?데?? 그래???번???자??발받??번??구매?습?다. ?자?조립?고 ?아보니 ?말 ?하?요. ?자??처음 ?보?데 조립???고 ?해???주 마음???었?니?? 개봉??박스??조립?명?? ?는??조립?기 진짜 간단?니?? 개봉 ?품 조립 ??중심?결합 - 중심봉을 ?리???려?으??니?? ?로 볼트 조일 것도 ?어?? 좌판 결합 - 좌판??그냥 ?려?으????받??결합 - ?반?는 ?우??에 ?쪽 볼트?빼고 좌판?결?시?니?? 결합?면??볼트가 ?어?구멍??보면???맞? ?이?서 볼트?꽂습?다. ?걸?조립? ?났?니?? 좋? ?자 감사?니?? 마??착샷,,
75,8,2,박스 ?????서 배송?고 좋네???? ?하?,,
76,8,4,물건 ??받고 조립 ?니 모양?는 가격?????듯 ???나 처음 ?아보니 ?상?게 불편?서 ?의?라 ?응???되??그러???는????3???용?보???면 ?쑤?불편?더군요 모양? 별이???는???이?? ?고 ?른 ?자 ?에?고 비교?보??.. ?이 ?오?군??..??추 받침? ?문???니????추받침???낮??조절???되???리 ?추부분에 ?는??니???덩??골반 부분에 ?리?차??는 ?태?군???자???는 부분의 3분의 1가?을 ?추?드가 ?리?차??니 ???그냥 ?자??반? 걸쳐?? ?태??불편?수밖에 ?는거??요 교환?기??번거? ?서 그냥 ?? ?자 분해?서 ??추받침 ?거 ?고 ?시 조립?여 ?아보니 그제???해지?군????격에 ?정???리?면 가격??좋다?봅니???나 만원???는 ??추받침 ?션? ?실??문제가 ?네???이 조절기능?는 ???션? 그냥 모양?기 ?션?라 ?각?니??구입?실????추받침? 빼고 구입?시?게 좋을???다,,
77,8,5,"?자???래 ?아?으?까 ?덩?? ?무 ?프?라구요. 메모리폼 방석 ?꺼???깔았?데??기존 ?자 ??가 ?예 ?무??지??딱?이 ?ㅜ...??참???????책상 ?자 ?나 ?야겠다 ?어??구입?어?? ?것??검?해봤는??비싼 ?자??가격이 ?무 부?스?고 ??한 ?자???접???같고 ?름 ?심??찾아보고 고??면??골랐?니?? 처음?는 쿠션 ?일 빵빵???션 ?려??는???품?이 좀 극단?으??뉘?라구요. ?판 갈라?부?마감 처리?????말도 많고..그래????깔끔?게 ???자?으??했?요. ?제?받고 ?서 진짜 ?월???택?었?며 뿌듯?했?니???ㅋ ?단 ?각보다 ?청 ???자가 ?배??????는???에 보니??자가 90%???? 조립?어 ?더?구?? 진짜 조립 걱정 ?? ?하?도 ?니?? ??? 조립, ?드 조립, ?판 조립??면 ?이?요. ?? ?판 조립???는 ?에 ????우?조이?야 ?들리? ?아?? ?추 받침 기??던 ?만큼 ?하? ? ?ㅋ 진짜 주문 ?에???드???걸?는 ?션?서 빼고 가???주면 좋겠???각?는??막상 ?아보니?진짜 ?해?? 공??다가 ????기????으?까 ?자가 ???받쳐줍니?? 복불복인지??모르겠???들??? ?고 ?튼?요. ??가지 ?쉬??? 쿠션??그리 ?신?? ?아?? 쿠션 14cm짜리 ?션 ?품?에????신?진 ?다?까 ?래 그런 ?같아?? 그렇?고 ??딱?고 불편????니? ??프?짱짱??침????는 ?낌?예?? 리클?이?나 PC??자처럼 ?욱~?? ?런 ?낌? 책상 ?자??기??선 ?된?는 ??아???ㅋ 그래??쪼오?만 ???신?면 좋을 ?같습?나. ?자??부?보면, ?상 ?사?고(??만?면 주황???세???ㅋ ?일 ?쁨) 매쉬 ?질 좋아?? ?름??? 차거???????고 쾌적???같아?? ?시?도 ???실 ?계실까해???????품??길게 ?어봤습?다. ?튼 ??만족?럽????겠?니?? 감사?요.",,
78,8,1,11번? ??기? ?핑?1?? 반품 무료?청 ???비?? ?릴만??기? ?러 문구?을 ????비?? 기만?는 ?사 ?거 같아?? ?제 물건 받고 11/1???늘 조립?하?보니. ?판 ??측???렇?구멍???다가 말? 부분이 ?네?? ?말 ?이가 ?습?다.. 지??재 ?는 ?자중에 ?일 비싼 ?자??지?(7.5만원 ?당) ?당 가격만?의 값어치? ???? ?는 ?품?것 같네?? ?당 ?품? ?법???차??교환 ?? ?불??받아???다??각?? ?습?까? 구매?실분들? ?번 ???각?보?요,,
79,8,1,조립???고?서 봐보???태가 ?모?? ?래 ?사??빼먹?건? ?고 ?있??걸??부??쪽? ?에 맞??아?????는?태..?걸 지??자?고 ?고 ?습?까? 출고?때 ?인?하?요.? 기본?인 ?자 ?번 ?봐???터?데 ?이가 ?습?다.,,
80,9,5,2?동?????자 찾느??거진 1주일?도 ?비?습?다. ??간하?리뷰?쓰????인???번????야겠네?? 좀 깁니?? 중?가?자?찾는 중이?면 ??비교??말고 ??브랜???자?면 ?니?? ?만 ?처럼 9cm 쿠션????추 추??실 분들? ??추??반드??빼고 ?시?바랍?다. ?터?쇼????로서 ?터???핑??는???정???비?는 ???번??받아본적???습?다. ?시???가??디???자?찾는 ?람?라?그냥 ???주????자?세?? 간혹 ?디즈급?라?????이 ?????람?? ?디??아보???못한?분명?? ???중?가 브랜?에?라????자?반드???세?? ?점??분명???????점?을 모두 ?어?는 ?비?? ?음. 1주일?안 ?러 ?체??찾아봤습?다. ?중에????브랜?? ?한???작?라???유 ???나 ??니?? 배송 ?고?서 ?상???껴??Q&A;??문의 ?기면서 교환???작?습?다. 1주일 ?게 교환??3??는?????번??짜증???????을 ?도??주 빠르?친절????과 교환??받았?니??( 모두 무료배송?니??) 그런??교환??무려 맞교???니?? 배송지가 경상?도 진주?데 3?모두 교환?청 바로 ?음??교환 받았?니?? 배송??빠른 것도 그렇??자?체?서 맞교?이?는 ?비?? ???는 ??말 ??한?같네?? 교환 ?유????추 ?문?데 ?진??보다 ?이 ??추가 쿠션?랑 ??붙어?어???리가 ?니???덩?만 지?해?. ?인? 3cm 쿠션????추??9cm 쿠션????추?같이 ?서 그런 것으??단?? ?문??3cm 쿠션?서????추가 ?상?으??리?치???으?? 9cm쿠션?는 ?덩?에 ?치??. ???항? 반드???체?서 ?정?주?바랍?다.. ???문????기?지??못하??자 ?는 부분도 줄어???히????불편?니?? 결국 ??추 빼고 교환 받았?니?? 차액???불받았구요. ??????항?을 ?어?는 ?비?는 ?말 ??야 ?다??각?서 리뷰??깁?다. ?시???처럼 ?신부?으??해 2~3??간단????중?가 ?자?구하?는 분들??추천?립?다.,,
81,9,1,3??18??구매?????달??용중입?다. ?주????바퀴? 빠??군???시 ?우???상 ?어보여???용?다 보니 ?시?빠져??보니 ?렇?쪼개?있?요... 몸무?76kg ?자 ?니?? ?리 부분도 ?로 ?히??그???리 ?기 ?작?네??조금 ???자좀 ?걸 ?회?네???? ?건 ??건 중국?이????이 ?질??문제가 ?네??,,
82,9,5,"?단 ?자 ?말 괜찮?니?? ?소?는 ?디??자??는???취??며 ?고 좋? ?자?찾다가 마이???자??게?었?니?? ?실 ?전????의 ?른?자?먼? 구매?었?데 ?말 ?망?고 마??기회???각?고 마이?의?? 주문?습?다. ?말 강추?니?? ?단 ?자?태 ?말 괜찮?니?? 1. 조립: ?말?습?다. ?? ?판??걸?등??모두 조립???태?서 ?우기만?면 ?니?? ?전 ?자???사?조이?뭐하?진짜?들?는?????자??조립???????걸?습?다. 2. 방석: ?신?니?? ?? ?낌? ?디즈의?? 별반 ?름 ?습?다. 3. ?판: 매쉬?재??좋으??????기둥????에 ?는 ?낌 ???? ???불편?다???낌? ?? ?고 ?히???리?받쳐주는 ?낌?라??개인?으?괜찮?니?? 4. 바? ?음 ?이 ?굴???진짜 좋습?다. ?전 ??제???때???직일???리?고, ???굴러가지???고 ?거거려??반품?는?????자 바퀴는 ?좋네?? 5. ?받???팅: ?당???어가?게 ?좋?니?? ?걸?? ?판??분리?어?어 ?판??팅?는?개인?으?좋습?다. ?팅 조임???로 건들지 ?고 기본 ?정?로 ?고?는????좋습?다. 6. ?자?? ??색??말?쁩?다. ?? 그린?만 ?용?는???크????색깔이 고급?보?고 매우마음?????? 7. ?걸?? ?용????불편?? ?습?다. ?만 ?? ?자?서 가부좌? ?거나 ?리??걸?에 기????인??.그럴?록 ?걸?? 벌어지???낌?니?? ?시 ?다??각?모?????걸?? ?택?고?습?다. 그러???만 ?는 ?도?면 불편?이 ?을것같?니?? 8. 개인?으?좋??? 고급?러???자?과 ?깔, 바? ?판?목받?조절가?? ?당?틸?과 ?라?틱 ?단(?전???틸?질???단부?? 구매?는??발이 ???때 차갑? ?리?고 개인?으??틸? 별로???, 부?러???자 ?이조절 9. 개인?으?불편?점: ?아???을 기??좌우??다갔다?을???판??좌우??직임. ?자???걸?? 죄우??을주었?때 벌어?(?걸?? 좌우?미는 ?에??취약?보?? 10. 총평: 가격???말 진심 최고?듯?니?? ?자구매???번 ?패?고 걱정?많?는?????낌 ?말좋습?다. ????말 추천?니?? 만약 구매?고려?고계신?면 ?리 컴퓨?용?로???추방석?? ?요?을????공?책상?라??추방석 ?으면좋?것같아?? ?같? 경우???추방석???는??택?는?? 공??이?서.. 만약 ?추방석??로?다?구매?고?네?? 그외???걸?는 ?만 ?을?도?면 ?반?을, ?처럼 ?리??걸?? 지?하??경우?면 ?각?? ???튼?보?는 것으?구매?길 권합?다! ?쨌???세?? ?번 ?세?? ?번 ?세?? ?런리뷰 ?안?는??개인?으??말 좋아???게?네?? 그럼 ????마???뜻?로 ?로?의?에???공?겠?니?? 좋??자 ??한가격에 ?매?주?서 감사?니??!!",,
83,9,3,"...주문?고 ?음?인가? ?착?서 ?황... ?마 ?말?휴가까이 주문?서 지?고 ?착?걸??각?었?데... ?휴 ?에?착?서 ?????? ?튼 무진??빠른 ?배. 그리??자 ?체??그닥 추천?기 민망민망. 조립? ?고같았지? ?단 쿠션. ?덩?? 괴로?합?다. ?거 분명 ?꺼??쿠션?텐??.....차라????주문?고 좋? 쿠션??까는?추천. ?덩?에 ?이 ?는?도 ?닌???모??가 ?니?? ?픕?다. 집중?면 몇시간이??아?는??. ?어?면 ?리가 ?니???덩?? ?픔. ?모?는 쿠션같으??. 무슨 ?스?에 ?아?던 기분. 무슨 ???꺼지???재?더?????꺼지?게 ?니???꺼?? 좀 꺼져???오. ?받???추 많이???추받침?음 ?닿?다vs.?요???람?골라???갈리길래 질??데.. 결론부?? ?거 ?맞??빼면 ?겠지??불??합?다. 교환/?불만이 빼줌. 그리??아??람?로??..?신?게 말할???는? ??마요 ?추. ?거?문???자가 좁아? ?추?포?? ?무 ""???? ?추가 ?니???덩?? ?자?서 몰아?니?? ?니 진짜? 가?하??불받고 ?을?도??질?? ???으?좀???할?같??????으??자 부?질?겁나?것??좀 ?고... ?튼 ?추받침 추천 ?노 ?버?버", ?버. ?받?는.... ?직???추받침?문????모르겠음 (...) 많이 ?로 ?어가??아????. 밀?내??짝? 각도로보???100~110??? 좀???어가?좋을?데 ??.. 목받??이조절???명. ?쿠?주?? 말그??받침. 그래???는것보???음. ..?로 ?히?데 목이 ?로 ?어??프?까. 쿠션???낌???현?자??입????? ?장고바지같? ?낌. ?받?...?그?이?의 ???모르겠다 ?리 ?리??았?때 ??거슬리는걸로 추?비용?면 좀 ?픈??... ?단... ?픕?다. 짧습?다. 쿠션???어???프??아?????프? 뭘로 커버??우?? ?붙이?? ?보?고 ?다가 그값?면 좀 많이 ??보태??그냥 ?자 ?나??는?모양???율??좋아보여???기. ?튼 추???비추. 결론?," 그냥 매쉬???반쿠션+목받침으??서 좋? 방석??깔고?는?추천?요. 그리?좀 ?래 ?는 ?람? ?른?자?추천?요. ?추??어?도 좀 ?할거같??데 ?직??. ?간?으??무?? ?추!!"""
84,9,5,"?업?에????책상??찾다찾다 발견??마이?체?예??! (?이?리얼 ?텍?? ?자목이?서 목받침이 ??요?는???못 주문?는 바람???렇?기본 ?양?로 조립?????니?? ?? ?매?과 ?불???기업(?고?서 발견?ㅋ) ?품?라 그런지 made in korea ?보는???청 반갑?라구요. 조립? 굉장???운?이???구???쉽?조립 ???용??가?했??각보다 ?자가 ??밀리? ?아??만족?러?습?다. 가격??마감??괜찮?고 ""철물???어주세?? ?는 문구???티커에??고객???하??배려?을 ?낄 ???어???뭇?어?? ?자???건강?로 ?어지??문???무거나 ?면 ?되?데~~ 마이??체어??용?보?고객을 많이 ?각??기업(?품)?듯?여 추천?기 좋? ?자???각 ?니?? ?제??1??기업?로 ?뚝 ?시??원?니?? MADE IN KOREA "," Myhome chair?이??""",
85,9,3,2?써?리뷰?니?? ?단 배송? 진짜 빨리?어?? ????받?? 고정?안?요 그냥 기???로 그만???껴지?라구요; 그리?리얼?텍?로 ??데.. ??. 글?요 ???그렇??신?????모르겠?요. 그리?개인?인 차이겠??. ????리가 무? ?파???래?아?으??리가 ?프?라구요;;; ?추 ?는??떨지 모르겠??. ?자????하??사??좋???. ?리가 ?프??보니.. 지금? 그냥 ?더주고 ?른??껄 그랬?봐?? 그냥 ??가격만???는?같아??,,
86,9,1,"?★?나?? 계속??짐. ?자?에???많이?직이?면 비추?★???걸???: ?라?틱 조립?장?감 ?????는 꼬다리처????나??분이 ?어??커터칼로 ?일???듬?줘?함 ?받??강도조절 : ?아?로 ?직이???버?조절?는??니???피커볼륨조?같???그??직접 ?려???사??는 ?낌?로 조절?는건데 ?게 ?사???뿌서지?소리??서 무서?서 못돌? ?실 ?려???차이?못느?겠?? ?리 꼿꼿???우고앉기엔 ?? 좀 많이 기??면 ?좋??발받침? : ?착?고 ?시간동?? 만족. ?시간만???사??져??바닥???뒹? ??비추. ?받??추??서 ?자면적???각보다 많이 좁??낌. ?래?아?기?는 불편???용?달??자 ?체?으??사 ???짐. ?루?고 ?루 조이??줘?함. 발받침? ?사가 ?청 짧아?그?? ?각?이 발올리고?으??사 ?뒹? ?재 ?이??밴딩 ??면서 ?사?이 고정?서?용??예 ?거?고?????자???어?야?서 그때 ??고장?까??거?못???체?으??사가 문제가 많아???라?버 ?에?고 계속 관리해줘야???리받이, 발받침?)",,
87,9,5,?단 주니???리미엄???추???용?해봐서 불편?면?쩌지?어 고??다 ?요추로 추??어?? ?덩???배기게 ?리미엄?로?더???았?때 빵빵?구?? ?무?신???않??당???력?고 굉장??만족?니?? ?만 그전???브랜?에??????? ?조가??자???용?을???래?용?면 가죽이벗겨지기때문에 천을 ?씌?까 ?각중입?다. ?브? ?받?말??자?는곳도 ?택가?하?좋을?데?? ?요추는 ?아????기??보??불편???아?? ?래?용? ?직책상?없??못해봤??괜찮?것같습?다. ?선?한 ?같아??,,
88,9,4,?직???기. ?단 배송? 무? 빠릅?다. ?ㅋ 받자마자 조립?는???네?? ?자??금방 ?니?? 체형??맞게 ?팅?고 ?어?간 ?도 ?아?결과 괜찮?요. 가?비 ???니?? ?ㅎ 메쉬?재???원?고 ?자?? ?깔???뻐?? ????자가 그렇??튼???같????아?? ????봐야 ?겠지???3~4???도?고장?이 ?고 ????????도?가?하지 ?을??네?? 그리??자??기능?인 면이???안???한 그렇?좋????아?? 가?비가 좋? 것이지 ?로 쭉쭉 ????지??래 ?아???락?을 ???고 ?다???비싼 ?자??택?는 ?좋을 ???니??,,
89,9,5,"??한 가격을 고려?서 ?기??는?면 ?주 ?????품?니?? 보통 책상?자 ?반?인 가격이 15~20??이?고 ?을 ??마이?의?는 기본 36,000??????작?는?주 ??한 가격을 보입?다. ?자??루??는 ?재???주 ??하지만그?재?끼리의견고?이 굉장?좋? ?입?다.개인?으로는 ?레??바퀴? ?조용?고 부?럽?라고요. 그리?몸을 부?럽?감싸주는 메쉬?재???받?도 굉장??만족?니?? ?점?로???체?으??라?틱 ?질???자?는 ?입?다.?구?이 굉장???합?다.?자?는 ?품? 책상???아???적?로 ?용?는 ?품?기 ?문???? 충격??받을 ?이 많?????? ?? 충격??받았??경우 ?랙???기??주 ?운 ?질?니?? 그리?지금? ?주 견고?고 ?튼??? 1??2???렇??용?면 반드???들림이발생??거라 ?각?니??(??부분? 마이?의???이?메쉬?자 2002만의 문제???니? 모든 ?낮??조절?는 ?자?이 ?래 ?용?면 ?자 부??간의 ?격??발생?서 ?들림이 발생?니??) 결론?으로는 ?주 가?비 좋? ?자?? ?실?니???구?이 ?어지?단?이 ?는?도 불구?고 충분??좋? ?자?니?? 비싼 ?자가 ?연??좋죠. ???자? 15~20??????자?????비교?????습?다. ????가 ?품 중에?는 가??견고?고 ?튼???자?고 봐??요. ??한 ?자?찾고 계신?면마이?의?? 추천?니?? ??블로그에 ?세?게 리뷰?어 ?습?다. http://foraran.blog.me",,
90,10,1,"가격도 괜찮? 배송??빠른 ?입?다. 
 
 
그런?서비스가 ?무 ?망?라?? 별점 ?나 ?기?갑니?? 
 
 
1. 고객?터 불친??
 : 말투, ?담 ???기, ?담 ???화 ?어버리???
 
2. 불친?한 고객?터???후처리 ?망 
 : 불친?한 ?담 ???처리라??????주??.. 
 불량??받았?고 ?고 보내준 부?? ?른 부?이?습?다. 
 
3. 질문??????? ?용??????림 ?음 
 : 11번? ?????림 모두 on ?태?데, 
 ?담?역(문의) ????????림??문자/메일/?시 ?무것도 ?었?니?? 
 물론 관?된 ?락???었?니?? ?아??찾아보라??건??? 
 
 ?? ?성?신 ??고객 ?신?림?????체크가 
 분명 ?는 것으??고 ?는?요. 
 
4. 2차로 보내준 부??
 : 처음 ?던 불량 ?품??게 ?르지 ?았?니?? 
 ??말하기도 ?고, ?갱???는것도 귀???. 
 조립?서 ?용 중이??니?만..?.. 
 
 
?으??자 구매???이 ?어?? 
?기??구매???? ???상 ?을?같습?다. 
 
11번? ?기?품 ?렬????믿을 ??닌?같네??",,
91,10,3,배송? ?음??바로 ?구???자조립? ?게 ?워???사조이?뭐할것도 ?이 ?자리에 ?우기만 ?면?요 ?리?도 가격만?인?같아???우???이???게 빠?거나 ?꺼 같????어보면 ??그렇??네??중역?자 ?다가 망??서 구매?건??중역?자보다 ?씬 가벼워??좋아???추보호? 추??는??괜히 ?거같아?????히???추보호? ?문???바??아지지 ?아??좀 많이 불편?네??게다가 ?자 ?로 ?힐?있??려?하?건 ?못?워진채 꽉조???어???리????고 ?자가 ?짝 ?쏠림이 ?어???체?으?불편?고???용 며칠 ?보???전체? ???프?요 ?체?으????별로?요 그리?분명 ?자14cm??고 구매?는???쳐줘도 10cm?까.. ?못보내?건지 ?이즈? ?맞지??개??? ?용?버?고 조립?한 ?나?바??도 ?어??그냥 ???궁금?긴 ?네??,,
92,10,5,"컴퓨?????무?이??공? ???생?자?추천, ?마?홈?자 ?이?메쉬?자?개봉기 좌판??받?? ?무???거실 컴퓨?용 ?날?자?교체(?무가 ?인 ?자???내?버려???도 고려)?기 ?해 ?러 ?이???양???품?을 ?색?던 ???하??뜻?면?도 고급?러???마?홈?자 ?이?메쉬?자?? 발견, ?품?개 ?용 중「FREE RETURN 무슨 ?유?도 무료?반품?세??(?래 ?자 반품 비용? 1만원 ?상?니??) 1??1개에 ?하?베이??품? ?외?니???? 발견?고(?자 ?품 ??런 문구??처음 ?함) ?생각했??것보??부?하거나 마음???들?무료반품?도 ?겠?”며 반신반의 ?면?도 ?그만큼 ?품???신???다???이 ?니겠느???는 ?각??2018.1.30. ?후??.N212 ?이??탠?드,?상?택:?블?스블랙?을 주문?더???음??2018.1.31.) ?전??배송?는 ???전 총알 배송?네?? ?품??받고 박스?보니 ?살??????품? ?반 과정 ??손???험???으???기처럼 ?중???뤄주세???라??문구가 ?어(?런 문구??처음 ? ?품???중?게 ???달?도?고객???하??배려?에 ?단 믿음??갖고 박스?개봉??보니 ?의?다? 중심??중심봉덮? 좌판, ?받???드)?? 비닐봉????운 ?음 뽁뽁?로 ?번 ???장?어 ?어 뽁뽁?는 베????리??투리에 방한?으?붙여 ?활?? ?상 ?제?을 받으??새가 ?는?????품? ?새???나? 박스?에 ?품조립 ?명?? ???반제?처??조립 · 배송?어 굳이 ?명?? 보? ?아???의?다리에 중심??중심봉덮??우?좌판 ?우??받???드) ?우기??서?조립?면 ??초등?생??조립??가?한 ?도?니?? ?만 ?받?? ?우??부분에 ?여기에 철물???어주세?”라??친절??문구?보고?????워 ?용?던 ??받?? ???고정???? ?아 좌우??들리는 것을 ?? 그런 것이?니 ?다가 ?까 ?내문구가 ?각???시?번 차근차근 조립?더???결???었?요. ?렇??성?고 보니 ??한 가격임?도 고급?럽??이 조절???활?고 ?아 ?으??리? 목도 ?하?바퀴도 부?럽???굴러가 바닥?판?도 무리가 ?는 ???· 고등?생 ????물론 ?른?도 ?안?게 ?용?????는?? ?만 ?걸?? ?고 ?을 ???걸?? ?청???자 ?체?으?가볍고 ?해 보이???쉬???????루밖에 ?돼 구체?인 ?구???? ?떨지 모르겠???용 ?불편?이 ?다??제?? ?번이??극?으?A/S(구매??1?이??무상, ?후 최소 금액?로 ?상) ???는 ?들???어 ?단 ???만족?럽????겠?며, 복불복으???테?만족?러???품????것? ?닐지 모르겠???상 ?품리뷰???수?게 ??개인?으?보고 ?? ?을 ?? 것임???아??주시?바라? ?으???0???자 ?작 ?하?? 바탕?로 ?최? ?출?산기업??력?여 기능?의?? ?구 · 개발?다?는 30???통??MADE in KOREA 기업?게 ?으로도 계속 ?구 · 개발?고 불만족스?운 ???도 ?극?으?반영?여 ?욱 ?그?이?된 ?자?보다 ??한 가격으?계속 보급??주시????리면서?마?홈?자 ?이?메쉬?자?? ?극 추천?니??",,
93,10,5,지방에 ?는??배송? ?말 빠른?이??히 부?진??고 불량?품???닌거같?여 구매?에 ?추부분을 ?까말까 굉장??고??는???아보니???테???매?게 불편?더?구??. 그래???츄부분빼??아볼랴?찾아보니?좌판??사?????야?????번 ??밧?? ?겁?어?ㅎ ?건 ????집에????잇???????니?어???ㅋ?ㅋ ?기준?ㅋ?ㅋ 2번째?진?로 보이???무?? 불량???니??불량???니?는 글??본거같아??참고) ?래 그런?같아??? ?무?에 ?사?쪼이?거?그안???사가 ?잇??. 무튼 그래??분리가 ?니???반좌판?로 반품?야?나?어??좌판?랑 ?자?리 분리?려?데 ?것???겁???ㅋ?ㅋ?ㅋ?ㅋ?ㅋ?ㅋ?ㅋ ?명?에 분리방법??망치??들겻믄???이부족한지 ?되?라구여 3번쨔?진처럼 그냥 망치질한 ?국??음.... 좌판???사??다?고 ?자?리??망치??서 ?자가 금방 고장?까 조금 걱정?오 ?ㅠ ?단 ???래 ?아보고 ?단?볼게요.. ?추부분? ?빼고 ?른 가족들???쁘지 ?다?서 그냥 ?을?구??. ?람???라 ?르?까 ?쩔?업???가격???자??짱이?고 ?각?니??? ?자 ?!,,
94,10,5,"??한 가격으??질 보증???자 ?실거면 ?기???시?것???극 추천?니?? 먼? ?기???자??기?에 ?러 리뷰?보면??조사?습?다. 비슷??가격????른 ?자??보면 배송 중에 ?츠가 깨져???다거나, 마감???접?다????made in china?, 뽑기 ?이 좀 걸렸?습?다. ??????제?야 ?곳??발견?나 ?을 ?도?물건??받고 ?보?만족?습?다. 조립? 맞춰???우??으?조여주기만하??고 바퀴는 방안?서 ?리 ?나???납?다.",,
95,10,5,집이 마루바닥?데 기존?자가 착석?후 ?무 ???러?서 ?레?바?면???동?는 ??미끄???착석 ?에???????러지???자?찾고 ?었?데 ??그용?에 맞아???무 만족?니?? ?담????친절?시?배송중에 바퀴덮개? 부?져 ?다??는??총알 같이 바퀴도 보내주셨?요. ?걸?는 거치?는 부분이 U?형?로 ?어가?어 거치???정감을 ?여주었구요 길이?????당?니?? ?자 방석 ?쿠션 ?? ?무 몰랑?여 ?들???게?니???당??지지?주??안??쿠션감이??추받침????팅강도 조절?여 ?로 기??을??컴퓨?에???시??화보기???주 ?안?니??,,
96,10,5,?자??처음 ?보?거??걱정 고? ?것?것뒤?보?골랐?요. 무엇보다 많? 리뷰? ?매?에 믿고 질러봤습?다. ?왕?는??리미엄 ?텍?로 지르고 빠른배송?로 ?루만에 받았?요 ???배?자가 꽤크?먼? ?충?치?이????서 걱정????손??분? ?는 ???다. 조립?보??아보니 착용감도 좋고 맘에 ?드?요.??마이?의???길 ?한거같?요 ???추?? ?것??불편?줄?았?데 ??받쳐주니 ?안?네?? ?늘?마이?의?? ?게 ？楹??. ?음?도 ?자가 ?요?면 마이?을 ?택???.??번창?세?? 무사??. ?래?길...??,,
97,10,4,"?단 ?무???구가 ?어??5분안???구???치 가?하?는 ?? 진짜 괜찮?? 기존??좀 비싼 ?자?만 ?보?? ?번?는 그냥 ????한거? 처음 구매?봤?? 결론, ?? 거짓??? ?는?? ??5만원???맞는 ?리?? 보여준?? ?? 조금?무리?면 ?자 ?디 ?군?? 망?질꺼 같? 불안?? ?추기능??그렇??청?게 ?하지???는?? ?체?인 마감? 괜찮??? ??가격??는 ?름 ?방???품같음. 진짜 ?래?면???안???품??찾는?고?면, ?? ?디??는?좋겠??",,
98,10,5,????무?에??? ?함 6명이??마이?체???이?리얼?텍???품?????도?붐입?다! ?루 종일 최소 8?간?나 ?자???아 ?을 ?야?는??좋? ?자???수?거 같더?구?? 그래???분???자 ?시?거 보고 ???? 4명이??같이 주문???습?다! ?아보니??무 ?안?서 ?살 ?? ?더?구?ㅋ?ㅋ ?새 ?디??자가 좋다?많이 ?었?데 가격??가?비????마이?체?? 갑입?다! 그리??자??문제 ?다??락?니?바로 무료?교환?품??보내주시?라구요! ?무 친절?고 좋? ?사?니??^ ??하??질??굿이??많? 분들??구매?서 ?용?보?면 만족?실거예?? 좋? 기업? ?해???? 좋??품 감사?니??,,
99,10,5,좋습?다. ?선 가격???비해??좋? ?품? ?실?니?? ?텍???자??택?는???각?단 ?텍????좀 ?르?요. ?개인차이겠??조금 ???신???같네?? 그래?????품???텍???품??맞나 ?인?보??9cm???걸??분이 ?른 것을 ?인?보??맞는 ?같네??그리?쿠션 ?이???? 측정?는??8cm?요.. ?거보다 ??모델?? ?청 ??봐여 ???제?이 가??좋? ?같네??그리??추 받침? ?직일 ???었?면 좋겠?요 조금 ?이가 ?맞?서 불편?네??????그래????가격에 ?정?면 괜찮? ?같아??,,
100,11,5,?번?구매?요. ?에 ?테??모델???는??1??좀 ?되??을???자 고정부분이 ?들?서 a/s 문의??더??바로 처리?주?서 ?의?처?????어?? ?번???사?면??마이?의??믿고 ?수 ?을거같?서 ?반?는 ?른 모델?주문?어?? ?테?? ?실??좀 ???기???이즈면?서 ?안?이 좋아?? ?번??구매????테?에 비하?조금 ????안?? ?? 좋네?? ?? ?을??면 ?구??조립?????을만큼 간편?고 ?구?도 좋습?다. 첫구매에???뢰??었??문????계속 마이?의???거같네??,,
101,11,5,2018??1??2???자?구매 ?고 ?용?고 ?었?데 ?자가 많이 불편?서 마이?의?에 ?화??서 불편?을 ?소 ?더???화 받? 직원??친절?게 ?간? ?래?었지?고객 께서 불편???시?반품?록 ?????게 ??준?고 ?여 ??? ?자 ?태??진?로 ???보겠?고 말??리??드?으?찍어???송???렸?니 조립???못?었?고 ?시???친절?게 ?내??주셔???상?인 ?자 ?용?로 착용??게 지????용?고 ?습???? ?? ????품??구매 ?면??구매?점???래?었?데??불쾌???이 친절???????주시?조치??주신 곳? ?곳??처음?듯 ?니?? 마이?의?? ?런 친절??직원??고용?고 계신 것? ?사??지??최상???택?라 ?각?니?? ?으???많? 번창?로 ?회??공익?도 기여?는 기업???기??망 ?니??,,
102,11,4,"처음??조립?때 ?받??고정?는 ?부?에 문제가 ?길????????비싼??야?나 ??? ?화?더?? 묻?????지???고 바로 ??부???받???체)??보내주셔???심 ??습?다. ?품?야 ?래 불량??간혹 ?올???는거고, 그걸 ?떻??처하?냐가 중요?텐??감동?었?니?? 지금? ?주 ???고 ?고?? ?으??사 ?자???기??구매?려고요",,
103,11,5,갑자?기존???던 ?자가 망??서 구입?게 ?었?요 가격???품 깔끔?고 마음???어???휴기간?라 ???휴 ?나?배송 받을 ??았?데 ?휴?작 ?날 ?전??배송??주셔???무 ??고 기분 좋았?요 조립??금방?고...그런??????블?스 블랙??주문?거?요 ???드 ?깔??블랙???닐까요? 조립 ?하?조금 ?상?다 ?었?데 ?ㅋ?????보여?것도 ?니??청 ?상?것???니?서 그냥 ?용?려구요,,
104,11,5,배송받아보니 박스 ?체??찍힘?나 구??짐??거의 ?고 개봉?보??바퀴? ?는 부분에 밀봉이 ?되?는 ??쉬????름 ?장?????있???입?다 조립 ?명?도 ?세?고 분해 ?명???있?주의?도 ?????고 ?못 조립???시까? ???어???주 좋았?니????조립???당??간편?고???받?? ?로 ?청?했?도 ?제 조립?료 ???아보니 ?름 ?하??받?도 ?느?도 ?는 ?이?요 ?ㅎ ?자바퀴도 ??굴러가?3만원 ?반? 값을 ?는 ?같에??,,
105,11,5,먼? ?격??꼼꼼???이??바로 구매?? ?고 ?주?정?는 ?바구니???아?는 ?????는?요 ?주?이 지?도 ?자가 ?요?다???각???중???러?이?? 구매?수?는 가격적?선.?인?무료배송 A/S ?품???????택?함?서 최종결정?게 ???자가 ?니???자?니?? 결론부??말하?면 ?말 구매 ?만족?며~초강추하??? ?자?는 겁니?? 그럼 ?자 ?기본론 ?어갈게?? 처음??박스???을?는 ?말 ?기가 ?더?구?? 박스 개봉???면 ?의 ?진처럼 ?양??부?들???어?구??(?틸?리???션 ?택) 비닐???거?고 깨끗?게 먼???거??모습?조립 ?명???니?? ?단 ?틸?리?에 중심봉을 ?우구요~ ?에 ?는 좌판 부분을 ?립?다~?히 좌판 부분을 ?리기전??중심봉을 ?단??매무?좋??듬?신???포???려주세?? 좌판 ??분을 보면 ?받??부분을 ?리??한 구멍???습?다.그홈???받???을 ?우??구?? ?을 주어 ?쪽까? 밀?넣?면 ?니?? ?래부분에 볼트 ?사 구멍부분을 ??보고 ?리??니???받??부분을 ?리???결 ?자같아 보이?요~^^ ?름?고 ?기???라 ?라붙는 가죽이 ?어???받??부분만? 메쉬?재?션???택~ 좌판 부분? ?염?나 ?용감에 ?해 ?아지??천이??메쉬?질보다 ?구?이 ??좋? 고급pu?자?로 ?택?구?? w모양???신??쿠션?라 ??좋기??????무 ?신?면 공??때 방해?기???거?? ?래 ?으??덩?는 ?할지?정 ?리??불편?더?구???당???신????좋습?다~ ?받??부분에 ??헤???스?? 꼽는 부분입?다~ ?치 ???태?구???드부분도 메쉬?재?니?? 최고?????계구요 ?자 모양?로 보여질정?로 많이 ??집니?? 중간부분에 l?로 고정???드모양?구?? 최고??래부분을 보게 ?인 모습?니?? ?니???품??7001?7002 ?품???른?이 ?나 ?는?요 그게 바로 ???걸??부분이 ?닐??각?????? 7001?품? 3천원 ??한 ???t???걸?? .7002 ?품? ?롬?금 ?각 ?걸?? ?치?어 ?습?다. 3천원 차이?좀???이 ?하??쁜 ?각 ?걸??추천?요~ 메쉬?재 질감??신?을 보여주는 ?진?예???원?게 보이지 ?나??~^^ ?체?으??직이???립???받??부분이구요~ ???많이 ?리?는 분들? 메쉬?재 좋습?다~좋고?? ?자 좌판 부분인?요~?구???질???닌 ?낌??좋습?다 ?당???신감도 좋구???히 커피???료?같? ?품???렸?경???수?는 ?질보다???연???한?????상복??는 ?점??매력???? ?장?부분? ?트 ?스?이?고 불리??곳인?요~?른??쪽?로 ?릴?있??구조?니?? 조이???????라 ?자 ?어가??강도가 ?슨??거나 ?단?져??기울????각도가 ?라집니????조심?야 ??분이 ?무 ?리??전 분해?려가 ?어???치??당???리?야 ?니??간혹 ?떤 ?자?? ?시 조립?기가 ?렵?고 ?적??본적???어??) ?일?스 ?레??바퀴구???음???고 ?말 ??굴러갑니?? ?군?나 ?같? 경우 ?구?이 ?단???틸?리??션??바꺼??구매?는?요 ?유가 ?신?면 깨???운 ?라?틱 ?리보다 ?틸?리?처음??구매?실??구매?시?것??좋??같아?? ?면 ?샷?구??같? ?품?여???간???이 차이???어??좌판?라??.?걸??분이?던가 ?런부분이??(?썰?좋으?분?? ???진??보면 ?쪽 ?자가 ?간 ???보실?있?니??) ?? ?자???성? ?태?? 봅니???제??? ?샘 ?자?구매?? ?고 ?의?? 구매??매력???모?이??니??깔끔???태??물론?거?? u?형 골조??좋았구요~ 중간????박??는 ????인?도 마음???어??밋밋?? ?는 ?이?몬??모양???쁘구요~(?이?몬??모양? 구매?때 ?매?면?서 ?안보여??구매?실분들? 참고?세??^^ ?연 ?니???리즈의 ?점? 멀?럭??기능???재?다??겁니???하??각도?서 ?자?받?? 고정?놓?면 기능?데???말 ?용?게 ?입?다~ ?기?이 ?심?서 추?????고 ?제?으??는???회?는 ?택???는??동?도 ?????을 치켜?네???세??보시?각도 ?잡??부분이 ?라가 ?습?다. ?래?진? ?로 ?껏 민후??멀?럭?으?고정???? ?태???자모습?다 ?세??보시?각도 ?잡?? ?려가 ?습?다~ ?말 ?기???리?구??고급?자??많이 ?치?어 ?는 기능?데 ?니???자?서 ?용?수?다?점???무??좋습?다~가격보?는 ?용?을 ??중요???기?는 분들~?회?는 ?택?예??강력 추천?구?? 최종?으??치?는??걸리???간? 5분여 ?도 걸리구요 ?청?워?? ?히 ?성분들?게 강력 추천?고 ?어??(?키??161cm ?니?? 조금 ?쉬?게 ?다??성분들? ?? 175 ?로???드부??치가 맞? ?을?같아??그래??멀?럭??기능???나?는 분들 ?연???을?같??요~?자 ?이 부분? 문제가 ?? ?기???드부분을 ?고 ?시??니?? ?무 ?순????^;; tip<간혹 바퀴? 빠져???더?도 ?황?? 마시??줘???으?면 ?아????걸쳐지?요 ?상 ?니???자 ?기 마치구요~ ?매?역???인?보???니???자?구매??분들??20~25명? ?시?것 같???..?토?기가 ?나???더?구???말 ?? ????니??모델 ?토 ?기?찾았거든??그래???쩔?없?????모험?는 ?치?구매?는???만족?에????백?자??브랜???자 부?? ?구?? 강력추천?게?? 2013???그?이?된 ?품?데 ?처럼 ???자가 ?나?는 분들 ???기보시면서 결정?시?데 참고?셨?면 ?니?? ?으??품???벤?도 ?던?요 ?간 ?심?보구요 ^^;; 좋??자 만들?주???매?님?감사?과 고마????합?다~~ ?으로도 ?더??좋? ?자 많이 만들??주시?바래???이??^^v,,
106,11,5,1. 배송: 주문 ??2???요(경기 ?양) 2. ?수 ???태: 매우 ?호 3. ?상 : ?이???보 ?진?같음 4. 착좌?: 좌판??커서 ?작? ?람? ?받?? ?하지 ?을것으??료?????추 ?히 추??야??. ?판 ?? ?고 ?팅 기능 ?용??좌우??들? ?하??숨 ?기?는 좀 불안??5. 바?: 매우 부?러?. 6. 고? ?자보다??좀 ?접??보이지?가?비??최고..,,
107,11,5,"????보시?분? ?단 주니?? ?이?? ?테??.. ?의 ?품중에 고??시??분일?데?? ?같?경우??5?정??고????다가 주니?제?으?결정???게??케?스?니?? ?인?성? ?테?? ?인?성? ?이?이??주니?을 많이 ?다??시?데, ?런 ?명?문??고??던 것이 ?실?니?? (?? 많이 꼼꼼?????이??.. ?ㅠ) ??175cm/62kg ?도 ?는?요, 주니?모?써?????않??????? ?이즈이??구매??참조?세?? (???치 ?신분들? ?테??모델?셔?할??...) 배송? 1?만?????100?드리겠?니?? ^^ ?장???되?있구요. ?장?박?사진을 ?어버려???스?게???ㅠ ??w쿠션+??추+머리받이+그린매쉬 모델?구매?습?다. 구성?? ?래?같습?다. ?자받침?? 중심봉? 조립???에 찍어??빠???네???ㅠ 그린매쉬 많이 ?쁘? ??기계????서 ?렵??각?시?분? ?장박스? 별도??어?는 ?명?? 보고 ?시??게 조립?실 ???으?요! ?건 ?명?입?다. 조립?는?는 5분내?로 걸렸구요, ?????에 맞춰?????업???어가?보??1분정?????요???같네?? 조립?도??무척 빠르??습?다. 조립?? ?바??모?의 ?입?다. ?안??분에?는 비닐? 보통 ???는?? ???깔끔?게 좋아???장부??사 (각각 2?????서, 비닐 ?거?어?? ?씬 깔끔?네?? ?상구매?실???령? ??.. ?같? 경우???번??방인?리?? ?낸 ?태?? 방벽?천장??민트)??맞추?서 매쉬그린???택?는?요. ?각?것만큼 ???울리더?구?? ?상? ?기 취향???여?으??구매?분??본능???라??결정?시??????니?? ?ㅎ 마?막으? ?체?입?다. ?렇???트??테리어??내고나??기분??좋고, ?자가 ?각보다 ?신?고 ?뻐????네???단??made in Korea?는 문구가 ??한 중국?과 ?리?면?서 ?르?는 ?을 보여주니 뿌듯?니?? 기존 ??백?????자??신분이?면, ??추???추보호?트가 ?착?있???품?용?보?는 ???좋??도가 ?실꺼에?? (머리부분도 목과 머리??정?으?받쳐주니 추??시?좋을??! ^^) 100?만?에 98?으??품리뷰?마무리하?8??추첨?서 ?첨?기?빌어봅니???발.. ??~?ㅠ (2?? 발받침???치?보??떨까하???쉬??문??.?ㅋ??",,
108,11,1,"금번 11번???하??책상???자?구입 ?바 ?으??뮨제?이 ?어 ?매?에??화????나 ?화가 ?? ?고, 11번????비?센? ? ?화??기자?의?람?많?순?에?해?락?여준?는?급?듣??간?상기다?으???락???어 본??통?여문제?을?기?고??? 1.?기 ?품??구입?시 광고 ?진??보고 구입 ?여?나 ?품???령?결?광고 ?진??이 ?여 문제?을 ?기 ?오???결 ?여 주길바람. 2. 문제?? ?자머리 ?받참?가 ?진?는 ?으??배배?된 ?품?는 ?음. 3. : : 광고?진 ?는 ?리?받?? ?있?나 배송???품?는?음. 4. ; : ; ; ??받침가 ?텐?스?보강???어?으??배송???품?""T""??로만 ?어 ???????진 ?보고 구입?는?바?들?게???불?함 ?바쁜?간?허비??고 물질????로도 ???? 발생?고 ?음. ?기 ?급???용???제 ?령??09/22)구입 ?품?????본인???각 ?문제?을?기?오???항??조사?여 본인?게 ?락?여 주시?바람?다. 참고?항: 구입??,김규성, ?락? 010-?ㅌ?ㅌ-2877 (?품번호: 87595509) 배송지: ?울 ?천??월??171-25(?? ?환?54?22-9) P.S. ?비?? ?화 ?속???항????여 반듯??지?길 바람 ?기 ?품??께 구입??TABLE ???직 배송???되??음. -?상- 2017. 09. 23 ?품 구입??김규성 배상",,
109,11,5,???른것도 많이 ?펴봤???상?이 ??괜찮??품?도 좋아??구매?보?는???전 ?안?네??배송? 3?이??걸렸지?... 그래???장? 꼼꼼???서 보네?서 ?무?자?이 ?착?습?다 조립? ???해???떻?고 말?? ?릴?없지??아??컴퓨?하?데 .. ?리부분도 ?낮??조절?수?어??좋?거같?요~쿠션감도좋아??!?성?든 ?성?든 조절?서 ?하??아???용?수?구??~??할?마??보다 ???하??서 좋으?요 ~~ ?런가격에 ?안?기까??고 가격???비해 ?능? 최고?요~~,,
110,12,5,배송? ?청???음??칼같???어???단 배송 ?무 맘에 ?었구요 ?? ?기 ?품?랑 11번????른 ?매?분 ?품?랑 같? 가격??서 비교?는??그쪽 ?품??배송??손?나 ?품?체?에 ?손??부분이 ?는?같아???기?주문했?데 그냥 ?제?이?요 ?자?는 ?제???ㅎ 처음 배송?을?는 ?렇???박스???전?게 '취급주의'?는 말까지 붙어???구???세??보시??렇?박스 ?단??조립?명?? ???어??박스??? 보시?구성?? ?렇?간략?게 구성?어?어???명?만 보아???게 조립?????어????지 ?? 조립?다가 ?멘 부분이?어??말??리?만 조립?시?? ?에?우??볼트가 ?는??그걸 ?우고나?목받침이 최홍??닌?상? ??가 ?더?구?? 그러??볼트???우지마시??렇?조립?때 ?받?? ?추받이 ?로 ?워?으??씬 ?안???자가 ?성?니??! 볼트??끼?다?불안?한?? ???으??걱정마세??^ 메쉬???색 ?는???당???쁘???ㅎ 처음???자주문?때 부모님??반??신??전?문?랑 as문제?문??걱정???셨?데??배송 ?착??바로 그날 ?렇?문자까? ????실??관리해주시?라구요 ?터?제?이?고 ?견가지???요 ?을?같습?다^^ 괜히 ?기???아?니면서 ?빼지마시?좋??자 좋?곳에???전?게 구매?세?? 모두 건강조심?세??^,,
111,12,3,배송빠르??질? 가격에 비해 괜찮? ?이??최고???닙?다. 가격을 ?각?면 ?할?위 ?이 좋??같습?다?계속 ?봐???겠??만 ?쉬?점?라??배 박스 ?어보면 ?충?? ?나???습?다. ?문지 ?나???습?다. ?간 불안?긴 ?으???나?나 ?인?보???손??부분? ?어???행?니?? 그리??자?리부분이 ?장???되???는??먼??많이 ?집???고?것 같습?다. ?럽?니?? 물티?로 ?슥 ???까 ?런 먼?가 ???옵?다. 그외 부분? ?직? 만족,,
112,12,3,?? 11번??서 물건???후??토 리뷰까? ?아본적? 처음?니???실??리뷰 ?겠?니??구매?품 ?테?프리????션x 첫번?받침 2?부분이 ?동?으??직여 ?리???감싸준????분? ??추 ?품???테?라??그런지 모르겠??보다?피 ??추???받?랑 밀찰되?있???받??분에 ?동???어집니?? ?번?s?의 ??추 부분이 ?무 ?래???습?다. ?? ?이 ?는?인?도 ?래부분입?다 ????각?는 조금???쪽???치가?어 ?리 부분도 감싸?? ?니??기??우?? ?야?것 같습?다. ?용?인 면이 많이 ?어진다??각?니?? ?번??진?로???별???되???드부?좌우 균형???맞?니?? ?치?보?면 ?겠지??드 좌우 ?? ?드???고 ?치?게 ?는???에 ?? ?들??지못하??짝 ??나??부분이 ?습?다. 그?분까지 ??균형??맞게 ?어가???치가 ?어???는??그내부??부분을 ?무 ?정??게 만들?서 ?? ?쪽? ???어가??쪽? ?어가??말고 ?니?? 마?막으로는 ?리 ?체가 ?뒤??직이??는부분이 밑에?는??가?하??에 ?으?좋겠?니??고정?이 ?해 ?로 ?전 ?젖?지??고?????마??조여?하?건지 감이 ?옵?다.. ?좋? ?만 지?했?나 ?머지 부분에?는 별다른거 ?겠?니??,,
113,12,3,?제 ?전 11?? 주문?고 ?늘 ???7?? 받았?니 배송? 빨름?다. 그리??품? ?름 괜찮????? 가격이 ?서 그런지 좀 가벼운 ?낌???네???? 좀 ?다보면 망?지지 ?을??는 불안??좀 ?네?? ????름 가?비???다??각?네?? 문제???진 ?배?데..?매?는 ?배?사?바꾸기? 고??보?야 ?듯?네???배기사가 물건??그냥 문앞???고 가버리?요. ??먹???간?라 집에 ?람?????었? ?화??문자???이 그냥 물건??져?고 가버렸?요. ?? 발견?으??찌 ?을지..?각??도 짜증?네???배?사?서 받? 짜증???매?에까? 미쳐????가 좀 짜졌?요,,
114,12,4,????자보다 가?비가 ?어 보여????데 ?단???말 ?실???자????.. 조립?는??조금 ?들????15??도 걸렸고요... 체구가 ?? 분들? ?로 ?받?????고 ??것으??세?? ?자가 ?니??.. 그래??불편?요. ?이 ???어?서 ?자가 ?할 ??았?데 ?근히 ?튼?네?? 목받침????지?체구가 ?으??분들? ???셔???????어??,,
115,12,3,배송? 빨리?고 ?품??기본??충실???튼???품같아 마음??????그러???장?태???망?네?? ?장?랄것도 ?이 분리???자?비닐??서 ?자???겨???던???디 부????지??았지??배배송 ?성???기??긁히?찍힌 ?적?이 많네?? 무게가 많이????기가 ?어???전???장? 기??기 ?렵겠??최소?의 충격?화???요?다?봅니??,,
116,12,5,?이가 ???리가 ?프?고?서 ?자구입?서 그?분에 가???경??많이 ???데 ?리가 ?안?다고하???제?을 구입?길 ?말 ?했?싶?요 그리?????층 ?자 ?는 ?리가 거의 ?이로제 ???라 ?자바퀴소리에 많이 민감?편?데 ?의?는 바퀴소?이 거의 ?어??그것????히 만족?럽?요 ?리?집???는 개념?는 ?간?도 ?제?으?좀 바꿔 줬으?좋겠?요 ?ㅠ,,
117,12,5,?자??좋? ??야?다고들?서 ?ㄷ?니 ?ㅇ?등?을 보다가 ?취?는 ?장???무 부?스?워???품??믿고 질??데 지??주 만족?러?요 배송? ??반나?로 ?당??빨랐?배송?태 만족?러?구??조립???자 ?자???려?까?걱정?는?????파??우??려주는 ?밖엔 ?네??박스???명?도 ?구???먹다말고 ?분만에 조립?서 ?았?니??질도 괜찮? ?같아??물론 ?래 ?봐???는 거???단? 매우 ?하?만족?럽?요 ????지 ?쉬???? 기능????? ?는 ?같긴 ????자 ?판??자 받침 ?이???프??질??좀 찌그?져???쪽?로 ?린거랑 ?번째는 취향 ?름????자방에 ?무 ?커먼걸 ?았??..?는 ?쉬????ㅎ ?분??좀 ??고급?럽??니??무튼 ?회?는 구매?구요 좋??품 감사?요 많이 ?세??!,,
118,12,5,?에 ?던 ?자 ?리가 부?져??급하??나 ??데 ?한??튼?니 만족?러?요. ?자?비싼 ??주고 ?기???까?서 조금 ?나??끼??어 ?아보다가 가?착하??품?이 좋아 바로구매 ?진? ?는????박스???전?게 ?장?어???고 배송??빠르?요 ??조립??간편?고 ?명?에 ?세???시?어 ?어 ?성분들???쉽??실?같아???헤??추??고 ?자쿠션 빵빵?니 ?거 ?했?면 ?회?뻔 ?람마다 ?르??겠지??실???합?다 ?으로도 믿겠?니??번창?세??,,
119,12,5,"책상 ?자가 고장?서 ?으??리가 ?프?라구요. 그래???디???떻??야 ?나 고??다가, ?시???어 11번??서 ?자 검?해봤는???품?도 ?청 많고, ?체적?로 ?도 좋길??구입?어?? 구입?도 조립???? ?야 ?서, ?실 조립???려?면 ?쩌??무? 걱정?거?요?????라?버 같? 것도 ?요?줄 ?고 긴장?는?? ?으로도 가?해?ㅎ ?명??보고 ?니 금방 조립 ???????더?구??^ ?머?께?도 ?보고 '?? 조립?게 ?기?다' ?고 ?셨?데 기계치인 ?? 조립?????을 ?도??우?? ?처럼 조립 걱정?시??분들? 걱정 마시??하???양 꼼꼼???펴보시?구입?시????같아??^ 바퀴도 부?럽??아가??으???안?네?? 지?번???던 ?자??목받?? ?었?데 목받?? ?으???렇??한?ㅋ 많이 ?세??^",,
120,13,5,"11번??서 물건???러??시??주문???데 ?자가 ?일먼? 발송?다?문자?어?? 물건??빨리 받고, ?근거리??마음?로 개봉?서 조립?명?? 찾는???무리봐???더?구??,그래???시?하?박스??봤는??박스??분에 ?명???더?구?? 조립??별로 ?복?하??딱 ?워??만들?어??^ 분홍?깔 ?무?뿌구요>.< ?는 부??께가 ?꺼?서 ?으???무 ?했?요 ??격에 ?템?네???ㅎ 그런??가죽이?보???을 ?로 기???때 가죽끼?부?쳐???걱거리???리가 ?요~그래??만족?니??^",,
121,13,4,구매?? ?마 ?진 ?았지?가????자??견고?이???구?? ?직까? ?끼기에??괜찮? ?같습?다. ?자분들???기???절???트 ?기?데 ??추까? ?각보다 ??낌?니?? ?????추 ?으??받?까지 ??멀?는 ?낌???어???리가 불편?을 ?같습?다. ?깔? 메쉬 ?렌지?데 좀 ??요. 조립?기???웠?데??물건? 멀쩡하지??장?태가 ??좋? ?았?니?? ?장박스가 좀 ?그?져 ?어?? 경비?에 맡겨??데 ?고 ?라?때 ?? 먹었?니?? 무겁?부?도 ?데 ?고 ?기 불편?더?구?? ????체?으???한 가격에 ?만???품?니??,,
122,13,5,"컴퓨???에 30분만 ?아?어??목이???깨가???히 ?리가 ?무 ?파?? 좀 가격을 주고?도 ?한???자??려??는?? ?만?습?다! ?상??????책상?랑 ?무 ??맞고, ?정??가격에 보장?는 것들??품질? 비교가 ?될만큼좋으?요. ?진?으?봤을???자가 ?딱?거?? ??차갑지?을?걱정?는?? ?제 받아??조립?는 것도 ?워???자???? ?자 조립?고 ???아보니 ?무 물렁?????고 ???당???신?이 ?무 ?하?라고요. ?루 종일 중에???일 ?안?습?다. ?션???깔???러가지??할?있?니???좋고??^ ?추??처음보는 것이?? ??말까???각?었?데, ?리가 ?좋?서 주문?고 보니, 보통?자가 받쳐주? 못하???리부분을 ??체우?받쳐주니??무 좋았?니?? ?무?무 맘에?고 ?극추천?니??!",,
123,13,5,"집에???용?는 ?자?주문???품?예?? 처음?는 간단?게 ??한 ?품?로 ?할?고 ?다가, ?? 컴퓨???용??많이 ?는 ?이??고??다~~ ?????진모델?구입?게 ?었?니?? 가격이 ?긴 ????른 ?핑몰과 견주??다?비싼??니?라구요!! ????간?나, ?깐 ?식?간???로 길게 기?거나 발을 ?~ ???서 ?워?을?는 ??정감을, ?안?이 ?껴집니?? 조립?때???들?고 ?이???는?? 처음??막막?이 ?라지면서 ?성???어가??뿌듯?이 ?~~ !! ?달??용중인??무난?게 ?고 ?구?? 무게감? 중량급정?? 꾸??게 ?용?????을?같네?? 감사?요^^ 많이 ?세??~",,
124,13,5,"?토리뷰??처음 ?보?요. 그만??마음???어???봅?다??[?이???성??그레??메쉬]구매?습?다^^ ?점1) 가격이... ??하?고 ?각?니?? 집에??간단?게 ?트북작?할???용??한 ?자??칭?던? 무의?속??'?자????백'?라???재?식?로 검?질. ?청 비싸?군?ㅠ 그러?????마이?의?? 찾았?데 ???산?에 ?어?면???리가 ?해보여???택! ?정2) ?사?결과는... ?? ?리가 무?무? ?합?다. ?리?인???짝 ?아주니??소 ?리?세가 ?쁜 ?로서??무진??좋네??^ 그래??????덩?? 바짝 붙이?척추???개?고 ?야?나? (?어?몰겟?? ?튼 ?웁?다. 좌우??뒤??동?으??직여주니????하구요. ?점3) ?품?택?? ?어 좋네?ㅎ ?선 처음봤을???이???테??머머(?름??머더???구분?어 ?고. ??분류?서 기능??분? ?신???하???양(?)??맞게 ?어?어???택???? 좋아?? 그리??품별로 ?상???양?서 좋더군요. ?점??면 ?쉽죠ㅋ???쉬?점 ?건의?항같? 것? ?볼께요. ?쉬?점1) 박스??조립과정???? ?어???명?? ?는 것? ?해???... 공구?이 ?하?조립? 가?하?조립과정??박스???는 ?명???면 ??? ??? 간단??조립기능???수가 ?어?ㅠ ? ?자?많이 구매?본 ?람? ?겠지????주??자?처음?보?조립???보?까. ?판?좌판???결?때, ?게 ?낮?조?이 ?는건? ?니??래 바짝?려붙히?게 맞는건? ???럽?군?? ??그냥 최하?이?서 ?짝 ?려???으?꽉조?씁?다 ???쉬?점2) ?자 ?걸??부분에 ???메??분에 ?이 ?주?짝 ?었?요????에 ???도가 ?니?서??? ?는???격??깔끔지?이?ㅋ??<?상 마무리하? ?에??친절??문자?비?? 부?구매??? ??조 ?등 ?질구레 ?기?고 ?????쩌??글???무 길어?서 줄입?다.???토리뷰 ?벤?로 ?받아먹으?고 ??것도 ?니??처럼 ??나 ?더?도 검?질??많이?고 그로 ?해 ?곤??(?충사고싶????격??지?이??검?질???무 많이?서 ?스??곤?? ?람?을 ?해 ?깁?다. 바쁜 ???들???유?간??조금?라??줄여주는 글???었?바랍?다~^^",,
125,13,3,배송? ?상?이 ?습?다. 조립? 거의 그냥꽂으??는 ???니?? ?가?자???기??????았지??????쉬???이.... ?선 176cm ?에 ?자최고?이가 조금 ???감이 ?습?다. ?이블높??4cm ?데 마우???보?두?리?보??자?걸?에 ?이???아 ?깨??무리가 많이갈듯?니?? 좌판?치?보??방석?쿠션? ?튼 ?? ?판??받치??던???판??금도 조금?고 ?해보??니?? ?리 받쳐주는???추좌판? ?걸?면 쿠션면적?작?서 몸이 ?으?미끄?진?는 ?기를보?주문???았?데 쿠션면적 ?넉?니?? 주문?한??회?네?? 가격???안?이 ?네?네?는??닌?같고 ?랜?간 ?아???보?거 ?니??만?다??각?니??,,
126,13,2,"??1??4개월 ?도 ?용???데???자 가죽이 ?전 ?ㅜ????갈라졌어?? ?자??하??는 ?도 ?니??부?방석?깔?쓰??는??.. 1?이 지?서 무상 ?비?도 ?받고... ?실 ?렇?????몇달 ?어???ㅜ???실???런 ?품? 1?? ?봐???품 ?질???????나 봅니??.. ======================================================= 기존???던 ?자 ?리축이 부??면서 ???자?구매 ?야 ?서 처음?는 보기??좋? ?자??체어??펴보았?니??그러?? ?무?도 ?직 공???야?는 ?황?라???하면서???안???자?찾아 ?참???매?? ?픈마켓?서 부?의 1?? ?리??마이?의?? 만나??었?니?? ?세???품 ?명?(?히 ??한 ?자?구매?면??걱정?었??중심?관???명??결정??!) 구매?의 취향??맞춰 ?양???션???택?????다???? 무엇보다 많? 분들??좋? ?기???끌??구매?게 ?었?요. ?매 1?의 믿음???었구요. 주문 ?음 ??길고 ?세???피메세지가 ?착?서 케???주?는 ?낌??좋았?요. ?단 ??막한 박스가 ?착?고, 박스 ?단?는 ?렇??자조립?명?? ?린???어 ?습?다. ?진?는 ??? ?로 ?봉???명?에???진??께 좀 ??간략?게 ?명???어 ?었?니?? ?자 ?부분이 ?라?틱?로 ?루?져 ?어 ?각보다 그렇?무겁??았?니?? 박스 ?에 ???장?어?구?? 꼼꼼???장? ?니????상?이 ???착?네?? ???W쿠션+?롬?금?각?걸???드+?블???자 ?션?로 주문???니?? 기존???용?던 ?리 쿠션???어???추???로 ?청?? ?았?요. ?! ?성??모습?니?? 조립?는 ??5분도 ??걸립?다. ?라?버? 같? 공구가 ?? ?요?? ?고, 그? ?자리에 맞춰 ?워주면 ??! ??방이 ?체?으??이 많? ?이?서 ????블랙?로 골랐?데 ?월???택???같습?다. ?주 ?플?고 고급?러??보여??마음???어?? 개인?으?매쉬보다 ?자??호?서 구매??만??한 ?낌??많이 ?까?걱정?는???자??괜찮? ?질?네???만 처음?라 그런지 ?새가 조금 ?니?? W쿠션??경우 ?주 ?신?진 ????차??방석??깔아주기 ?문???당?니?? ?받??부분도 ?당?고 ?하?좋아?? 개인?으??리??틸?리?변경할?말까 망설??데 ?라?틱 ?리????튼?고 좋네?? 그리??라?틱 바퀴? 굴러가???낌???각 ?상?로 부?럽?요.?낮??조절?????구?? ?만, ?받??기울?조절?는 ?형 ?사(?)???자???아??조절?기가 ?들?는 ?이 ?쉽?요. 기울?진 ?태?서 고정?는 것도 ?되구요. ?기능??많이 ?시??분이?면 ?쉬???도.. ????만?면 ?받?? ?래 모양??고정?서 ?용?는 ?이???게 ?????만요???면?니?? 주니??모델?라 그런지 ?자 ?기가 ?? ?고 ??좋아??좁? 방에???성맞춤?네?? 170 ?성?데 ??맞아?? ?진? ?드 조절???직 ?????태?데 조금 ?려???니???좋아?? ?면?보면 괜찮???군데군데 ?세??보게?면?라?틱?로 마감???어 ?어???면?나, 마감 ?음??같? 부분?몇십만원 ? ?자처럼 ?주 고급?럽??습?다. (개인?으로는 ?히 ?드 ?음??부분이 그렇??껴지?요.) 그래??기본 T???걸?에???틸 ?걸?로 변경한 것인????부분? 만족?럽?니?? 그렇지?그런 부분이 ?에 ???어??만큼 ?점???씬 ???자?니?? ?실 ?중?서 5만원???디가???런 ?자 ?나 ?라??? 못사?까?? 게다가 발품 ???요 ?이 ?????릭 ?나?가구? 주문 ?음??집에??받아보는 ?리?이?!! 못해??????상 값? ?는 ?같아?? 만족?니?? 주? ?람?에?추천???줄 ???을 ?도??만족감입?다. 좋? ?품??불?? ?비??마인?도 굉장???철?신 ?같네?? 지금처??초심???? ?으?다??욱 ???게 ?장?????는 ?사가 ???같습?다. 좋? 물건??비??감사?려??!",,
127,13,5,?단 배송 ???루만에 ?구??배송 ?시?분??무거?실?데 매우 친절?시?라구요 그간 컴터???자??다?다 ?었?데 미루?미루?? ?디??질??니??11번??주로 ?용?는???기가 ???아보여???어?구???러가지 ?품???기??꼼꼼???어보고 가격??그리???체형??맞는 ?자?찾다보니(?낙 ?런??는거에 꼼꼼?니?? 7002 ?니???리미엄 ?받??각도고정 ??을 ?게 ?었?여 ?니???리미엄? ?기가 별로 ?더?구??처음???렇??어?구??조립?에 매우 ?레?습?다 ?새???고 매쉬?재???원?것 같았구요 ?꿈?걸이??매우 ?해 보?고요 ?고?는 지금도 ?합?다 ?자 밑에 ?세?게 기름칠도 ?어?더?구??굿굿 ?리???틸??켜???구??걱정? ?합?다 ?테리어 ?과???는?같습?다..!! ???명?도 ?렇?꼼꼼?????는??조립 ?말 ?습?다 ?자분들??10분이??나???단??고정????켜주심 ?니????모르?면 ?페?? ?어가?조립 ??장(교환??) ?영?이 첨??어 ?으??보고 ?시??것 같구???자분들? ???중으?조립 가?합?다 ?렇?3?마게? ?어주시구요 진짜 보면볼수?가격??짱짱??! 바퀴는 ???케 부?럽???굴러가? 중간부?조립 ?진?데 그냥 ?에 ?자 가?데??워?주시?무릎?로 ?간??러주시??니????죠??!! ?튼?니????맘에 ?는 부??걸??????ㅎ ?단 ?결 ??모습?니???것???워????자 ??밑?분에???이 ?는??거기???워 ?어??고정??켜주면 ?답?다 고정????무 ?게 ?돌?도 ?요 ?재 ?체가 ?낙 ?튼?서 ?제?보심 ?실거에????머리부??결 ??모습?니???성?죠? ?신???? ???에 맞추??니???아보니 매우 ?하?여 목이??빨리 ?화 ?편 보고 ?네??! ???그리????자 ?단 각도 조절 ?니?????동?이 165 ?머?? 160 ?? 175?데 모두?게 맞게 조정가?합?다 머리부분두??처음부???하?곳까??쑥 ?아갑니?? 지?매우 ?하??워 ?아??글?는?????합?다 ?히 ?덩????받??매쉬부??주 기분좋게 묘하??신?신 ?니????모습?니??간??죠? ?씨방의??같? ?장???건 ?? 가지??던... ?초라?네??.. ??미루?미뤘?? ?이????리! ?ㅡ ?런 ?구???자???? 마세???ㅜ ?활?에 ?척?고 ?네???ㅎ 비교???니???ㅎ???제?보면 ??고급?럽?니?? 매우 ?하구요!! ???인??디??! ??글 보시???러분도 본인 체형??맞게 가격도 꼼꼼???져보시??기??많이 ?어보시?구매?시?바랍?다 ?자?????세? ?리?만듭?다 좋??자 ?에?맞는?자?찾는?중요?니???생??마찬가지?말이 기네?????이... 그럼 ?들 ?복?세??! 근데 ?자가 ?무 ?튼?서 추후??AS 받을 ?요가 ?어보여??. ?ㅎ (?번 12?에 ?사?가?데 ?동???자 ?나 ?크?으??줄?구??,,
128,13,4,"?실 ??백?니 ?리 받침 ?자???는 ?름??붙기 ?작?면???자?의 가격? 기본??10만원???쩍 ?어 ?게 ?더군요. ????산, 기술 ?신 ?? ?도 가격? ?차이가 ?는 ?같습?다. ???품???많? ?인???도 7만원 중반 ?도??가격이 ?는 ?자?니?? ?런 ????른 ?자??보다가 최종?으??찰???서 ??니?? ?선 배달???하???짜???무??????문제?이 ???착?습?다. 굉장?????모??박스???겼지??각만큼 무겁지???고 무엇보다 ?? 구성물을 보니 ?허?허??. 방바?에 구성물을 ?려?아 봤습?다. ???5분이?조립???료?니?? 비닐 ????3?조립?는??2?.. 조립?신??실 곳?? ?나?? ?요??2 군데 뿐입?다. ?걸돌?서 뽑고 각각 ?래 ??꽂고 ?시 ?려주면 ?? 그래??그런지조립 ?명?따???? ?더군요. ?성본입?다. 뽀????고, ?? ?? 모두 마무리도 깔끔?니?? ?히 바퀴쪽 지지????랫부분이 보통 마감???되???카로운?????품? 매우 ???어 ?습?다. ??부분? ?말 맘에 ?는군요, 그외?도?리 부분을 받쳐주는 쿠션??좋고, ??분의 메시(mesh) ?유 같? 것도 ??질??감촉??좋습?다. 공기???하? ?새??????배길?같고??. 바닥?쿠션???신?신?면?도 모양??그다지 변?? ?아???덩?에 ??맞고??. ??. 그런???말 ??까운 부??나가 바로 ???걸???니?? 물론 ?부??자?이 좀 ?튼????걸이???처???어 ?는???런 경우 컴터 ?자??로망(?!)???자 ?에???반?리 ?기가 불??합?다;; 물론 ??히 ???는 분들?겐 ??????화?도 볼때 ?반?리 ?고 ?로 ?짝 기???보는 맛이 ?어???는??.. ???중?라???찰?으?분해가 ?는지 ?번 ?인??봐야겠습?다. ?튼 그런 면을 ?외?면 ??봐도 ?청 ?튼?게 ?겼기에 ?정감? 많이 받는군요. 결론?으??무 ?자??10만원??찍는 ??????참으??절??가격과 ?능??가??자?는 ?각???네??",,
129,13,5,???30?중반???사?입?다. 집에??도 ?을 ?야 ?기???자??경?서 바꾸?습?다. 배송? ?루걸렸?니?? 빠른거죠. ???도 ?각?는??.. ?품???장?태??매우??박스??보장?어 마침비도 ???인지 ???습?다. 구매?에 Q&A;??해??방수?질?? ?인???데 마침 고르?던 검?색??방수 ?질?라?????;; ?음???는 ?제?이 방수메쉬?단?로 바뀐다??십?다. 참고?세???쉬?점???습?다. ?팔걸이??마무리? ?되??거친면이 ?습?다. 그런???판쪽? ?두리의 마감???쉽?요. ?카로운 부분이 ?습?다. 마이?의??측에????분까지 ?경?다????불만?항????지???었?듯?요. ?테???자??택?는?요. ?이즈? ?각보다 ?니?? ?씨방의?보??조금???다?보심?요. ?? 180Cm?데 ?으??목???니???머리에 ?드?스?? ?습?다. ?로 고정???될까봐 걱정?네?? 그런???느?거리? ?습?다. ????몸???튼?게 받쳐줍니?? ?덩?의 쿠션?깨???인?????마?????니?? ??분? ?각보다 ?네??메모리폼???닌 ?반 ?축?폰지?듯?니?? 결론? ?자가 좋기???차???다보면 바퀴한?개 부????덩??쿠션 주? ?는?는????실겁니?? ?당???봐가면서 ?래?수 ?는 ?자?? ?실?네??,,
130,14,5,"?녕?세?? 최근 마이???자(모델?3026[주니???성????추+?드,?상?택:O.?자가??블??)?구입??고객?니?? 매장?서 직접 ?으?보고, ?아 보고, 굴려??보고...?모???인?고 구입?는 ??칙?데 매장??직접 ??황???? 못해 ?외?으??라??구매??게 ?습?다. 모니?에 ?오?????? ?품?? 컬러???모습?로 ?마다??매력??뽐내??어 ?떤 ?품??골라???? ?막막?습?다. ?참??고??다 마침?????품 구입??결정?고 결제, 주문???료?습?다. ?품? ?확????루 지?서 배송지???착?는??배송???속?과 ?장, 그리?박스 ?? ?제?의 ?태 모두 만족?러?습?다. ?속, ?확?게 배송?제??박스 ?성? 물론 ?성???게 조립?????는 ?명??별도가 ?니??박스 ?단 ?에 ?게 그림?글???께 ?어 ?품??꺼내 조립?면?도 ?하??업?????었?니??? 바? ? ?장, ?받?? 머리받이?구성???었?니?? ?부문? ?명비닐??밀봉돼 ?어 ?손?이 ??보????었?니?? ?히 ?학?품???용?????품(?라?틱? ?자????에??불구?고 걱정?던 ?학물질 ?새???었?니?? ?문??조립???도 찡그??이 ?었?^^ ??블랙 ?상?로?플?면?도 무난?며,?자 ?재 ?장? ? ??관리? ?하??박스 ???명??조립??마친 ?? ?자???아 봤습?다. 쿠션???툼???장? ?안??착석?낌??주었? ?튼??바퀴는 ?자??직일 ???정감을 주었?니?? ?받?에??????추 지지?가 ?어 건강??척추모양??바??세??동?으?만들?줬?니??(?실 ?았?????추?지지?고 바른 ?세?만들??????는가 ?는 것이 ?? ?자?구입????가??중요???는 부문입?다) ?쪽 ?걸?는 ?어?????을 지지??주고, ?아 ?을 ?는 ?을 받쳐??용?이?습?다. ?장 ?래 ?그??조절?치?조이?????받?의 ?힘 각도?맞춤?으?조절?????게 ?? ?팅기능???보??니?? 머리받이???낮?? 각도 조절???께 ??몸에 맞도?맞출 ???었?니?? ?렇????자???아 컴퓨???업??2?간 ?는?? ?덩?? ?리, ?과 머리???받쳐주고 ?아??로감을 거의 ?낄 ?? ?었?니?? ?받?? 머리받이???이 조절??가?하? ?장 ?단?는 ?팅?잠????치가 ?어 개인 체형??맞춰 ?안?게 ?용?????다.?용?인 ???걸?? ?튼??바??? ?품 구매?을 ?여주는 부문이??강추?니?? 가????만???자, 구입?기 ?? ?을 것입?다. ?라??구매?????걱정??견??깨? ?자?니?? ?자?품? 물론 ?조, ?매?사??'마이?? ?품????서???뢰? 감사??립?다. ?상?로 ?서 ?는 ?품 구입?과 ?용?기?마칩?다.?업 ??번창?시?바랍?다. ^^ 감사?니??",,
131,14,5,컴퓨???면???자 책상구입?눈???로구입?느???먹?네??같이 ?면좋을?데.. 배송? 빨리 ?어??출근?간 맞춰??가?다?라고햇?데 ?침부??배송?구???자 종류가 ??많아???찌?까 고??다 ??하?갔어??W?길 ?햇?여 ?식?더군요 ?추???햇?데 불편?여 근데 ?추??맘에?듬 ?ㅎ ?기본? ?드?규??..?ㅠ?쉬? ?시?게임?봤?데 ?이 ???퍼???ㅠ?ㅠ ?시??아?음 ?찰수?잇구여 ?ㅎ?ㅎ 메쉬???풍?되게ㅆ?? 조립? 매우 ?어???ㅎ??,,
132,14,5,친절문자까? 주시?.. 조립??그다지 ?렵지 ?고?? ?주 ?습?다^^ ?디 몇군??까져???긴????하?좋기??면?니 ??경 ?씁?다. ?진???어?서 ?왔?데??. ?키가 170?????을까봐 걱정?는???키??주니?? ?절?? ?????????적?로 기존???던 ?자보다 많이 ?하?좋아???려?니?? ?한 ?드??같이 구입?려 ?으???드??길이가 ?사마다 ?르??문??짧을까봐 주문???했?데 ?한 ?택?었???같구??. ?받?? ???이??분한?는 ?소 ?을 ???으???드까? ?켰?다??ㄷ???단 ?아보니 쿠션감도 좋고 ?낮??조절???됩?다. ?자??어?겨 ?을??미끄???? ?려?는 ?이 매우 마음???고??. 그전꺼는 ?려?때 불편?거?요... 반년 ?용?????았?데 ?것부??그랬?니 ??했??ㅠ ?매?분??배려? 빠른배송??감동??받고 ?자가 ?새??????조가죽이?면 ?새?는 것? ?연?니 기분 좋게 ???겠?니?? ?? 번창?세??,,
133,14,5,"?서???니?? ?제 ?름?라 ?씨가 ?거??비오거나 ????나?것같고...집이???서?이?도 ?거리가 ?어 ?니??들?질 것을 ?상?여 군? ??생방에 ?서?책???엿?요. ??음 ?자??기??찾던 중에 마이?의?? ?게 ?어???기??빵빵??마이?의?? 바로 구매?어?? 24????에 구매?고 26???후??받앗?니 배송??빠른?이?으? ?매처에???피문자??고 배송?황, 조립방법??볼수?는 ?페??, ?비?내???을 친절?게 보내주시???보고 미리 감동*.* 물건받고 바로 조립 고고~ ?자???? ?봤?데?? 조립???말. . . ?웠?요!! 그냥 2? 3? ?딱?딱!! ?성! 조립?????펴보니 ?전중심봉에 3???라?틱??조금 ?손?어 ???바로 ?비?센???화?더??빠르??ㅏ?날 받으?수?게 조치?주?다??더?구?? ? 그러??기다릴수?어???단 조립?보?습?다?ㅋ?쿠?도 ?신?고 좋고. ?름?라 ?찰까??게질커?깔아?구?? ?라?틱 커버가 ?게 ??? ?하지?그래???홍 ??그리?바?! 겁나 부?러?요 ?ㅋ?ㅋ???리???나?그렇?고 ??아?는??뱅?뱅? ?고 그러??구???ㅎ ??. ?무 ?이 ?게 ?????같네??; ?튼 ?기??줄이?.?요.....?ㅋ?ㅋ 가격도 ???배송??빠름 ?품??좋음 ?비???왕?강츄?니??~~??
134,14,5,?직?? ?자?계 1?라??광고?보고 ?해??구입?긴 ???니?? 그런???자 ?계 1?라??말이 괜히 붙? 말이 ?닙?다 !!! 1. 배송 ?품 구매?? 11??03????? ???결제 ?료????니?? ?음??1?에 ?진?배?발송?었?는 문자?받았???음?인 11??05???후 3?? 친절???배 기사?께??배송?에 문자? ?락??주셨?니??^?ㅎ?ㅎ 배송? 11??03??결제?료 / 11??04??발송 / 11??05??배송?착 ^^ 2. 배송?태 ?하???간???배송???주?서 지?실???어?라?부?드?더??굴릴 ??았?데 친절?게 차곡차곡 ?아주셨?요 ^^???자?2?구입?서 무거?셨?텐???배 기사?께 감사?어????3. ?품?태 ?품 ?태???주 깔끔?습?다??박스 ?장?????각각 개별?장 ?어?었?구입???자가 ??지?다 보니 ?떤 ?자?? 구분가??도?초록??분홍???이?로 구분지?주?어??^^ 박스 ??면?도 ?여???좀???운 ?자 조립?명?도 같이 보내주셨?요^^ ?? 구입???품??종류??2가지 ?니?? 주니?? w?쿠????추 / ?자가?/ ?톤?크.?톤그린 w??쿠션? 좀???툼?고 ?신?신 ??것같???택???니 ????굳굳 컴퓨???에 ?시??아 계시??분들?라???추 ?션 추천?드?요 ^^ ?리 부근에 ?어???을 받쳐줘서 ???하??껴집니?????상? ???쁜 ?크 그린 ?이??니??^^ 그런???무?도 가죽이??보니 가죽냄?? ?긴 ?어??^^ ?것?니 ?새가 ?기???겠지??용?면???어?것같?요 ^^ ?자 ??곳에???길 ?했?는 ?각 ????^^??
135,14,2,?품 ?령??조립?다보니 ?리???? ?크?치가 ?었지??테리어 ?품???니고상관 ?었?니?? 박스 ?을??보니 ?부분에 ??게 박스 ?상??.?기? ?리면서 ?? ?처가 ?겼?????니?? ?배??직원분들???자가 무거?던가 봅니??;; ??그런???자 ????른?부분하??쪽 부??연??마감 차이??기분???좋?군?? 거기???자 ????자???래?서 ?진?? ?처", 그리??으?만???몇년? ?용??말라버린 ?자?서 ?는 ?? 뽀?락? 거리???리? 촉감???망감이 ?겼?니?? 그리?결정 ?으?.. 4?정?????용?던 ?자 ?손?로 갑작?럽??자?구입?면???씨??자(?명 ?장?의??) ?등 고????면????품??구입?????유??나???추 ?스??..개인 차이가 ?겠지???겐 ?무 ?망 ?러?습?다. 쿠션???아???리?바로 ?우??작 ?????아???세 ?는???????되?요. 그래??교환?나 ?불? ?시 ?장?야 ?고," ?배?? 기다?야 ?는 귀차리즘에 ?것 ????감고 ?용?기?마음???잡??용??데... 보름?도 ?용??지?~4????부???받?에 기???뚝? ?똑? ?런 ?? 철판??구??다가?때 ?는 비슷???음???리??습?다. 물론 가격이 비싸지 ?? ?품?고 ?모?이??2~3???용?면 ???는거라 ?각 ????실???쉬?점??많네?? 구입 ?시??분들? ?추쪽엔 ?무 ??기? 마시??션?서 ?추 ?도??빼고 구입 ?시??것도 좋을???니?? ??품??구입?고 가?????점??꼽자?..조립? ?무 간단?네??. ?명?보?그냥 ?서???으??다???낌... ?? 추천 ???라?추천? 못해??품?니??"""
136,14,5,"지??용?던 ?자 ?받?? 분리가 ?서 ?꾸 ?옆, ?뒤??직이??바람???시??아?으??리가 ?무 ?프?라구요. 그래???구???자??느???을 좀 ?여??좋???자 ?는??마침 ?당??가격에 좋? ?품 찾아??기분 좋습?다 ?ㅎ 주문?랑 배송까? ?? 걸렸?요. ?? ?는 지???진?배가 배송???무 ?려???번?도 ?? ?겠구나~ ?고 기????하??었?데 좀?에 ?배 ???? ?느?? 물건??마당???고 가?어??_-;;; ?말 빨리 ?땐 빨리?고 ???땐 ?럽??? ?는 ?진?배??????야?는지 말아?하??.. 물건 받자마자 거실?가????박스?????는 ?명???조립???습?다. 무게가 조금 ??지?조립?는것에 ?려?? ?었?요. ?? ?드 부??사 조이?것??좀 ?려????었?니??; 그래??조립? 5분안?????났구요. 근데 바퀴쪽??검???물질같??뭍어?는???새가 좀 ?니?? 바닥???는곳에 뭍어?는??닌??그래??찜찜?서 ??줬어?? 뭔? 기름?같?.... 조립 ???고 ?아봤는??착석?좋습?다. ?래 ?아?는 ???성??쿠션????거면 ?덩?? ?무 ?파???소 방석???개??깔고 ?아?거?요. 그래???반 쿠션말고 w??쿠션???택?더??????.. 착석??무 좋네???ㅎ ?시??자???아???해?하?는 분들? 반드??w??쿠션 ?택?세?? 그리??추 받침?.. ?걸 ?션???을?말까 굉장??고??는?요 ?소 ?자???을 ???리 ?에 쿠션같????워?어???리가 ???프?다 ?시??분들? ??추 ??션???으?요. ?추???반 ?추? ??추 ??지?데 개인?으???추 추천?니?? ??추가 ?이즈? 커서(?받??가??이즈? 같음)?체?으??리?받쳐주는 ?낌?에?? ?추???용?보??았지??용?시??분들??체격차이???라 ?리??전????못감??같기???니 그냥 ??추??택?시?게 좋을?같네?? ?무???전???던 ?구??컴퓨???자??용?다가 ?런 좋? ?자 ?용?니 ?단 몸이 ?해???무 맘에 ???? 최????이??려???짝 ?이가 ?아???보??좌판??바로 ?까지 ?기?게 좀 ?들?졌지?.?ㅋ 그래?????도 가격에 ???도 물품?면 만족?니?? 많이 ?세??^",,
137,14,5,"?달 ?아보고 리뷰?려?? ?무 맘에?어???주?만??리뷰?니????첨에 ???자???데 ?달?도 ?으?까 ?자가 조금 기울?라구요..;; 그래??맨날 그거 ?경?다??리?렸???리돌?다... 그렇??다가 그냥 A/S ?는 ?자?비싸?라???자!! ?는 ?각?????? 찾? 마이???자.. ?단 1?간 A/S 가 ?다?것만으로도 ?달 ?아???자가 ?다거나 ?는 문제???결???니??번 주문?보기로 ?습?다. 4가지 모델?가??맘에 ?었?건.. 바로 ?테???니????물론, ??추 ?스?도 맘에 ?었??ㅎ ?테?의 경우 머리받침?가 ?????서 고개??로 ??????줄???? ?을?. ?는 ?각??결정?답?다 ???깔? ??색... ?외?침침?????고 무난?게 ?쁩?다 ???체?인 모습?데??.. ?실???자가 ???? ?닙?다. 그렇?고 ?무 ?것???니구요 ???느?도 공간???보 ??곳에?는 ?당?겠?요 ?ㅎ 그리? ?레??5발시?템?죠? 바?. ?말 조용?니?? ?전 ?자가 바닥??긁히??르??리?던거에 비하??말 조용?니?????? 가??좋았?건.. 바로 ?자???았?때.. ?에?????서 ?으?는것처????추? ?쪽 ?개가 ?세??아주고.. ?래 컴퓨?하?보?가???자???러?는것처???세가 ?려가?데??. ??추??걸려???는?으??되?몸이 중간??걸린것같? ?세가 ?는??.. ???세???전?자??비하??게 ?정?입?다 ?ㅎ?ㅎ ?점?, ?자가 ?세??아준?는거죠 ?ㅎ????????나 주의?실??...... ?? ???인?성?게 ???합?니??.. 머리 부??기?신?면 모??..???? ?았?때 머리 받침부분을 ?일 ?????통????중앙보다 바로 ??분에 ?니?? 고개?좀 ?이??다가 ?로 ?히?고 ?도 머리??걸려???된?는 ?ㅠ ?자가 ?세?아주고 ?툼??쿠션??360???전가?해??최고???안?을 ?공?주?뭐해.. ?키가 ?자?는??.?ㅋ?ㅋ?ㅋ 모든 기능????만끽?고 ?으?다?최소 175cm ?상??분들?게 추천?고 ?네???ㅎ 참고????는 175 미만... ?ㅜ 1??무상 A/S???면??가격???당??만족감을 주는 ?자?니?? 가?에???셔??좋고, ?무?으로도 괜찮??같습?다 ?ㅎ 좋? 물건 감사?니??^",,
138,14,5,6/7???켰?데 9???요???? ?어?? ?정?면 배송?? 무난?네?? ?런 ??박스???네?? ?ㅎ???자??어보니 ?런 ?으??리??서 보내주셨?요~ ?자??구성? ?렇?니?? ????거실바닥??깔려?는 뽀로로? ?께 ??? ?ㅎ???래 ?크?을 별로 ?좋???는?????자 ?른 ?람 ?기?보니??크가 ?일 ?쁘?라구요. (?실 ?두?으??고 ?었?데 ?래 ?었?????러???게 ?려?서 ?ㅋ) ?명?? 굳이 ?요 ?을 ?도?간단??조립? ????마?고 찾아봤는??박스???렇??문짝 만하??? ?네?? ?걸 보고 조립?진 ?았지???모르?는분? ?안?게 ?????겠?요 조립?는??10분도 ?걸?요~ ?성?니?? ?? ?엄?는?요. ?ㅋ???방 책상??가?다 ?어?? 근데 ?자????키보드 ?레?보???네?? ??그래???보???레?? 책상 ?이??공간???이?맞췄?요. ?건 ?그닥 ?경 ??. ?렇?집어 ?으???! ???펴 봤는?요 ??상 ?어???자???꺼?서 ?신?신?고 ?????추??건?요 ?걸??길 ???다???각???어???게 ?리부분을 ??지?해줘서 (?자??쿠션 ?고 ?는?람?? ?안?요 쿠션 ?껴?????? ?기 보다 보니???한 ???다???것도 봤는???? ?그?데??? ?걸 ?? ?만?도 ?주???고 ?겠?요?ㅋ???무???쓸게요 ??만족?럽?니?? ^0^,,
139,14,5,매우 만족?러???자구매 ???름???품?????????봅?다. ??간???여 ?터?을 ?샅??검?후 ?중??결정???자?니?? ?품구매??6002메시??색??추???틸?리?션?로 ?했?니?? ?자?받고 조립?보??모양?? 고급브랜?의?? 견주?도 ?색???어 보??니?? ?자?감싸고있??메쉬?재??질감?고급?러???낌??좋게?껴졌습?다. 6002?품???심????추???리??탄?게 받춰주어 ?정감을 ?낄 ???도??계?어?습?다. ?만 ?자가 ?로 ?힐????추?문???넘??지 ????히????부분이 개인?으로는 ?정?인 ?낌??받았?니?? ?전 ?자가 ?받?? ?휙 ??지?것 ?문??불안?기 ?문????부분도 만족?러?던?같습?다. 구조?보니 ?받???레?쪽???구?이 매우?단??보??니????추가 ?겹 ??받치??기 ?문?니?? w쿠션???덩?? ?신?게 ??받쳐주는 ?????니?? ?동?에???자가 부?럽????동?어 불편?이 ?으??체?으?매우 만족?러???자?니?? 추??구매???틸?리???라?틱?리보다 ?튼??것으??각?니?? ?업번창?시?바랍?다.,,
140,15,5,?자가 부?졌?습?다... 그래???로???자?마련?고??찾다가 11번??서 마이?의?? ?게 ?어 주문???습?다. 주문?고 ?음??바로 ?착???네??^^ ?장?태?니??가지??다가 걸려???짝찍혔?요. 조립 ?명?도 ?에 부착되?있?요. ?자??어 보니 부?이 많습?다. ?자 ?면??그려???던 ?명??조립?보겠습?다 간단?게?리 중심??트 ?받???4개의 구성?군?? ?선 ?리? 중심봉을 ??맞췄?니?? 비닐??여?있???걸??.. 비닐 ?중???처리? 귀??지????서 벗겨?습?다. 깔끔?죠? ?제 ?받??결합??차??니?? ??부분을 ???는것이 중요?니??. (?못?다가 ?받???질뻔 ?습?다.. ?인 ???세???ㄷ;) ?? ???짝 빠져?온 부분을 ?받???에 ?포??밀?넣?더??깔끔?니?? ?성~??물품 배송 ???착?실?쯔??마이?에??문자???려주시?군?? ?? 주문??것? 쥬니??메쉬블루 ?니?? ?리가 ?르?고 ?실 ??는???담?서 ??한 추??금지급하?교체받았?니?? ?담??친절???주?구?? ?만 ?받??부분이 ?짝 ?들리는 ?낌??받는?나?? 2군데??거??조금 ????트?게 꽂았?면 ?떨??습?다. ?간 ?슨?서 조립? ?웠?니?만 ?쉬??부분이?요. 부?도 ?로 구입 가?하???이?? 참조?보?는 것도 좋을???다. ?요?신 부분이 ?다??담?셔??교체받으?는것도 좋? 방법?구?? ?시?번 친절???담??경?주????감사?니??,,
141,15,5,"?? ?터?에??물건?고 구매?정 ?본 ?이 ??것 같아???ㅎ ?구?에 매일 ?무 ?래 ?아?는???자가 ?? ?무 불편?거?요..?ㅠ 공????자가 ?니??.?ㅠ 그냥 ?반?자?서??그래??목에 목디?크가 ?겼?요 ?? ?깨부??목이 ?프??통?기구요..?ㅠ 근데 마이???자 ?고???통???라지???깨???무 부?러???요! 강추?요~ ? 굉장???중???인??.고??시?분???으?바로 구매?셔???것 같아??~ 그럼 ?세??구매?기 ?어갑니?? ?선 배송? ?루만에 ?어??^^ ?기??박스?에 30?티 ?로 비교??데 30?티???배?도 ?기?요 박스 ?장?태 ??좋았구요 박스?에???자 ?명?? ?쇄?어?습?다. (?에???로 ???세???명?? ?더?구?? ?용물? ?게 4가지??어?었구요 밑에 바퀴??, 중심? ?자 , ?받?? ?구 ?기??3?펌?? ?어?었?요 조립방법? 첫번? 바퀴판??중심봉을 ?결?구??그위??3???프??어줍니?? 그리??번? 중심??에 ?자부분을 ?워 주엇?니?? ?번? ?자 부분에 ?받??부분을 ?워 주엇?니?? 그리?목과 ?받???이???에 ?사?용?서 조절?시??요! 그럼 ?성?니??^ 기존?자가 ?런모습?엿?데.... 마이?의??모양???무 ?쁘??무?안?고 ?말 좋아??.?ㅠ 목뒷부분이 ??게 ?유?재?꺽여??받쳐주니?천국같아???ㅠ 진작 바??... ?자?증후??신분들 강추?요! ?의???새 걱정??데 ?행???것? ?하지 ?앗구요 금요?에 받아??주말지?고 ?니 ??빠졌?니?? 그런???기???편???니?요 ???164cm ?자?데 ?안???도구요 ?성분들??좋을?같아???자분들? ?기?시거나 ?치가 ?으?면 좀 ?으???도 ?어??주니?는 ?맞?실?같아?? ?자?나???ㅎ 기분?무 좋습?다. ???고?세??6",,
142,15,4,"11번??서 주문??마이?의??주니???성?? 메쉬가 ?풍 ???고 ?원?다??었지?먼? ?이????보는 ???격??메쉬?재???? 무리?고 ?단, 먼? ?이?뭐? 묻어??바로 바로 ???????는 ?자?주문?다. ?크? 그린???고 고??는???크???뻤지?방에 ?으??로 ?는 ?낌???같아??무난?면?도 깨끗??보이??그린?로 골랐?? ??추+?드 ?함. + 조립???하?간단?서 ?자가 부?한 ??닐 지 걱정?었?데 ?각보다 ?튼?고 궁뎅?도 ?신????하?? 몸을 ?로 ?낄 ?이 별로 ?어???히???으?기울?서 ?업?는 ?쁜 버릇???음) ?직까진 ?로 ?끼??것의 불편?? ?끼지 ??다? ?낌???쁘??다. ??좀 ?????성?? 궁뎅??좌판 쿠션 ?이가 12cm?고 ?는???사?서 ?는 ?자??기본 쿠션?비교?면 ?실???하??함. 그리?바?굴러가????청?게 부?러?서 ??다(?건 ?각????던 부?. - ?쉬???? ?자가 좀 ???라갔으??다. ?자 ?이 조절???매?? ?릴 ???는?????려??2-3cm ?도가 ?쉽?? 좀????라갔으?좋겠?? ?이가 ?매?다 보니 ?도 모르?몸을 계속 ?으?기울?게 ?다. 그리고이?개인?으?궁금??건데 3???이 조절 ?? ??????뭐?? ?래 ?렇??렁??? ?님 중심봉에 ??주는 ??같? 건??? 마이?의??관계자분이 ??글??보게 ?다????도 ?? 좀 ??주세?? ?? ?자??맘에 ???? 무난?????로 기??고 ?었?데 ?튼?과 ?안??면에??기? ?상?네??",,
143,15,3,?에???번 구매?던 ?품?라 믿고 구매?는???드?스?? 빼고 보내주셨?요???드?스???서 보내주세???에??주니??w??에 ?요??드?스??구성?로 구매?었?요 ?실??w가 ?트가 ???네?? ?번 구입??주니??기본??에 ??추 ?드?스??구성?로 ?는????추???불?? ?을 ?같아????추가 ?어 ?리가 ?한것도 ???????받?에 ?이 ???닿?요 ?긴?도 ?짝 불편?네???처럼 ?쪽?로 ?짝 ?여??공??는 경우???히???리?받쳐줘서 ?하구요 ?소 본인?세??맞는?고르?면 ??????,,
144,15,5,?말 만족?고 ?용?고?습?다 지??0?간 ?아?던 ?딱???드?재 ?자???활???레기장??바로 갔습?다 ??진작??바??각 못했?? 주니?으?바꾸고나?????는 ?간 ???덩?? ?리???무 무심?구??미안??마음???었?니?????? ?리?인 가격에 ?품 ?리?도 ?수?고기능 ?한 비싼 ?품?비교?서 ?색???습?다! 바퀴소리도 조용?고 ?로 ?힐?도 ?음?습?다 베스?????성??3026?3016 ?걸?차?에 금액3000??차이... ?개 ?고 많이 고??는???걸??체감 차이가 그리 ?? ?을?같아 그냥 3016 구매?습?다 '기왕 ?거?좋???자' 주의?데 그렇??면 ?른 모델 ?위?션 고르??거같아 ?번?는 ?당?게 ?리?으?고??고 구매?습?다 ??pc??자 처럼? ?니지?그만?의 ?안?을 ?끼??습?다 배송??빠르?조립??매우 ?고 컬러 ?감??좋아??매우 만족?고?습?다,,
145,15,5,"?단 받아보니 조립?기 ?게 ?개 ?장?????어 ?었?요. 봐도 ?찌 조립?야?? 그림???올 ?도? 그런?? ?명?? 보면????좀 ?갈리더군요. ?명?의 ??지? ?? 주문???품????지가 ??매치?? ?아?? ?? 조립?는???명?랑 ?르?까?워맞추???으로조립하?니 ?내?렇??는?맞나.. ?거?요. ?명?에????요???명보다????봐도 그렇?조립?겠???는 ??까???명???어?어???상 ?????게 ?????았?요. 조립 ??방에 배치???자. ??색???법 멋집?다. ?두?서 ???보?긴 ?네?? ?분이 ?놓? 거처?? ?새가 ?법! ?니???????방문?열?을 ?? ??. ?로 창문???게 ?는 ?도?고 ?면 맞겠?요. 며칠 가?군?? ?제???? ??? ?용?기로는, ?리/?세????아줘서 좋긴?데,?로 ?전????지거나 ?덩???는 부분이 ?신?????아?? ?런 부분을 가족들? ?안?? ?다??? ?같았?요. ??추 ?품? ?로 ??지???도가 ??? ?이?고 ?서 ?????고 ???문?? ?품 ?세 ?이지?보니 꽤나 ?명??브랜?? ?자?????던?? 그런 ?명?처?개?고???? ?반?화?담? 반품처리과정 ???요???항?도 조금 ??친절???요가 ?다??꼈?니??",,
146,15,5,?단 배송? 빠른?이?요~ ?금?고 3?만??받았구요 처음???박?보?고 무거?보??데 막상 조립?고?니??쁘?맘에?????ㅋ 목받침이 ?하??직여???하?기댈?있구요 ?받??분이 매쉬??어?어????차?쿠션???해??커버가 ?게 ?어지거나 ?것같진 ?네???꼼꼼?게 ?작?듯?요 가격??만족?요 ?산것같?여~ 컴퓨?의?의 ?성???시??아?기 ?한?최고?데 ??10?간 ?아??겜만?봤?데 ?덩??배??나 ?리가?프거나 ?진 ?네???덩?쿠?도 빵빵?고 ????는 가죽도 ???아???래?용?도 변?? ?을?????구매의??ok?니?? 많이?세??,,
147,15,5,"주문 ?루만에박스?장?로 ?없??무사??배송 받았?니?? ?단, ?뜻???상???에 ?로?마져 ?애주네?????봉??주신 조립?명?보???5분만??조립?냈?니?? 조립 간단?고 ?워?? 그리? 무겁지 ?아 좋네?? w 쿠션?라?덩???없???래??주 좋아?네?? ?무 ?신?면 ?히???리??무리갈까 ?는???단?을 가?쿠션?라 맘에 ???? ?받?는 매쉬?재???름?도 좋을?같습?다. ?자?체, ?드?한 ?낮??조절 가?하??어 ?구?? ?쉬?점???추가 ?닌, ?요추라 그런지 ?리부??벽??받쳐주진 못하?요. ?추?받?도 ?프링을 ?는?던가?서 ???람???직임???라 ?뒤??직여 ?리?받쳐주었?면 ?는 바램?니?? 물론 ?요추라???는?보단 ?씬 ?습?다 ??마?? 고객?터 ?주 친절?십?다. 발송???피메세지 보내주시?차후 a/s??관???명 ?주???? 물품?보내?고 질문?어???화?면 ?결?? ?아 ???는 경우 많??? 바로 ?결?네?? W쿠션 ?드??서 ?추 ?받?만 ?로 주문?는???배비없???받??값만 받고 보내주시?조립 ?명 ?한 ???주?습?다. ???자 ?아?????래?지??공중입?다^^ 감사?니?????용?겠?니??",,
148,15,5,"책상???럽?라, ?기???울릴만???자?찾다보니, ?추건강??좋? ?? ?자?뿐?더군요. ?? ?자? ?받?? ?거?? ?어???딱??. ?? ?자?을 ?한 ?품?죠. 그런???시??아??컴퓨?? ?는 ??겐, ???고 ?안???자가 ?요?어?? 그래???자가 ?음?도 불구?고, ?시 주문???게 ?었?랬?^ 친절??문의?담글?며, 문자??무?무 친절?시?요 ?매?님^^ ?시?번 감동?었?요. ?단 ?자마자 조립? ?무 ?게 ?어?? 참고????자?니?? 그냥 ?딱. 1분도 ?걸린것 같네??^^* 매우 ?튼?구?? ?음???어??1?간 무상?로 a/s?주?다???좋?요~ 물론 중간??고장?는 ?? ?겠? ^^* ????조심?럽??니?그건 ?심?도 ???같아???자?서 ?거???? ?는??^;; ?? 그리??ㅠ 배송중에 ?긴 문제?겠??조금 ?망?러??부분? ?더?? 바퀴?분과 ?자봉쪽??모래, 진흙? 비슷?게 ?뜩 묻어 ?더?구???ㅠ.. 그래???시???? ?던 ?품???시 보낸??닐??는 ?각???시 ?었?랬?. 그치? 물티?로 ?싹 ???니, 반짝반짝 빛이?네??.??마침 방이 ?스?핑??벽??? ?핑?로 주문?는??^ ?짝 찐핑?라?????에 ?어?네?? ?것???나???인?라??인?겠?? ?ㅎ 무튼 ??매우 만족?니??~",,
149,15,5,"1주일??보???당???로 기울??과 ?리?받쳐주는 기능???반?인 ??한 ?자????르?고 ?껴집니?? 조립??간단?고 ?워???치???이?고, 메쉬?재???????름 ?위?도 걱정?이 ?낌좋게 ?용 ?????을 ???니?? ?히 주로 ?용???리 ?이가 맘에 ?어?니 좋? ?린?날 ?물???었???같습?다. ?학??가구거리에??발품?아 가??아?녔지???바?지 ?흔??????데, 괜한 고생?었?니?? ????발맞추어 ?명?게 ?아?????같습?다. ?무쪼록 ?매?의 ?심?구매?????통???반?으?만족?러??거래??고 ?각?니?? ??개인?으로도 ?라???핑?서 보기?문 좋? 거래??고 ?평?고 ?습?다. ?자?보고?조카?도 ?같? ?자?구매?다??니 ?자만의 ?목? ?니?고 ?각?니?? 그럼 ?매??중계??구매??모두 만족?는 ?스?을 ?하???이?을 ?쳐봅니?? 감사?니??!",,
